{"disc_loss": 0.8100700974464417, "gen_losses": [1.5484588146209717, 1.4473381042480469, 1.4922311305999756, 1.423854112625122, 1.3418433666229248, 1.5058584213256836, 1.6985586881637573, 1.5331997871398926, 1.4709562063217163, 1.20366632938385, 1.6669416427612305, 1.5066137313842773, 1.3636817932128906, 1.7205177545547485, 2.008697509765625, 1.344351887702942, 1.7295504808425903, 3.4781956672668457, 1.2875016927719116, 1.0004117488861084], "non_adversarial_classification_accuracy": 0.4707532051282051, "adversarial_classification_accuracy": 0.0, "adversarial_uncertainty_correct": 1.0, "adversarial_uncertainty_incorrect": 1.0, "supervised_acc": 92.3076923076923, "adversarial_filtered_semi_supervised_acc": NaN, "adversarial_unfilted_semi_supervised_acc": 29.22676282051282, "semi_supervised_acc": 99.27659574468085, "timestamp": 1511256513.8408606, "previous_chkpt": "/home/ubuntu/ORIE6741_bayesgan/results/adv_train_only/model_2400"}