{"disc_loss": 0.8133052587509155, "gen_losses": [1.8058491945266724, 1.8773584365844727, 2.116197347640991, 2.0044686794281006, 1.3724772930145264, 1.2996574640274048, 1.6225792169570923, 1.5113701820373535, 1.672960877418518, 1.3907794952392578, 1.91753089427948, 1.5143967866897583, 1.8868173360824585, 2.2319624423980713, 1.9138044118881226, 1.6682616472244263, 1.9075260162353516, 3.681177854537964, 1.734204888343811, 1.1403411626815796], "non_adversarial_classification_accuracy": 0.39463141025641024, "adversarial_classification_accuracy": 0.0, "adversarial_uncertainty_correct": 1.0, "adversarial_uncertainty_incorrect": 1.0, "supervised_acc": 91.86698717948718, "adversarial_filtered_semi_supervised_acc": NaN, "adversarial_unfilted_semi_supervised_acc": 27.18349358974359, "semi_supervised_acc": 99.08629441624366, "timestamp": 1511257853.9285822, "previous_chkpt": "/home/ubuntu/ORIE6741_bayesgan/results/adv_train_only/model_2600"}