{"disc_loss": 0.7802605032920837, "gen_losses": [1.8573639392852783, 2.3210983276367188, 1.8422813415527344, 1.8190271854400635, 1.2564774751663208, 2.0141937732696533, 1.4230420589447021, 1.4617787599563599, 2.0647811889648438, 2.138695478439331, 2.1147680282592773, 1.549131989479065, 1.796678066253662, 2.0009124279022217, 1.9047071933746338, 1.6466560363769531, 1.8702871799468994, 4.6363749504089355, 1.6032480001449585, 2.0704526901245117], "non_adversarial_classification_accuracy": 0.3972355769230769, "adversarial_classification_accuracy": 0.0, "adversarial_uncertainty_correct": 1.0, "adversarial_uncertainty_incorrect": 1.0, "supervised_acc": 94.2608173076923, "adversarial_filtered_semi_supervised_acc": NaN, "adversarial_unfilted_semi_supervised_acc": 38.2411858974359, "semi_supervised_acc": 99.29399899142713, "timestamp": 1511263244.462699, "previous_chkpt": "/home/ubuntu/ORIE6741_bayesgan/results/adv_train_only/model_3400"}