{"disc_loss": 1.1181379556655884, "gen_losses": [2.0357558727264404, 2.3434202671051025, 1.8988088369369507, 1.9453855752944946, 1.8428336381912231, 1.7645628452301025, 1.5927629470825195, 1.949568748474121, 1.6780238151550293, 1.6554455757141113, 2.6224608421325684, 1.7265653610229492, 1.9628416299819946, 2.78749942779541, 1.9609042406082153, 2.3836538791656494, 1.8571573495864868, 4.11912727355957, 1.825083613395691, 1.8646013736724854], "non_adversarial_classification_accuracy": 0.2731370192307692, "adversarial_classification_accuracy": 0.0, "adversarial_uncertainty_correct": 0.9999998211860657, "adversarial_uncertainty_incorrect": 1.0, "supervised_acc": 90.59495192307692, "adversarial_filtered_semi_supervised_acc": NaN, "adversarial_unfilted_semi_supervised_acc": 38.05088141025641, "semi_supervised_acc": 99.22992299229924, "timestamp": 1511253163.2875383, "previous_chkpt": "/home/ubuntu/ORIE6741_bayesgan/results/adv_train_only/model_1800"}