{"disc_loss": 0.7772173285484314, "gen_losses": [1.7080234289169312, 1.406213402748108, 1.3821656703948975, 1.396620750427246, 1.017844796180725, 1.2307989597320557, 1.3530291318893433, 1.3140852451324463, 1.5341160297393799, 1.3818093538284302, 1.8907917737960815, 1.1138941049575806, 1.3719983100891113, 2.224963426589966, 2.1899311542510986, 1.528281569480896, 1.4430289268493652, 3.1733250617980957, 2.0114104747772217, 1.2245128154754639], "non_adversarial_classification_accuracy": 0.429286858974359, "adversarial_classification_accuracy": 0.0, "adversarial_uncertainty_correct": 1.0, "adversarial_uncertainty_incorrect": 1.0, "supervised_acc": 92.68830128205128, "adversarial_filtered_semi_supervised_acc": NaN, "adversarial_unfilted_semi_supervised_acc": 37.780448717948715, "semi_supervised_acc": 99.11339244050397, "timestamp": 1511261224.7756495, "previous_chkpt": "/home/ubuntu/ORIE6741_bayesgan/results/adv_train_only/model_3000"}