{"disc_loss": 1.0897291898727417, "gen_losses": [2.2538208961486816, 2.409167766571045, 2.4821410179138184, 1.6872937679290771, 2.2378809452056885, 2.274545431137085, 1.92151939868927, 2.2616593837738037, 2.1896870136260986, 1.6278102397918701, 2.052114486694336, 2.0587499141693115, 2.1295132637023926, 2.599299430847168, 2.680732488632202, 1.727783203125, 2.400067090988159, 5.227729797363281, 1.9343316555023193, 1.6495983600616455], "non_adversarial_classification_accuracy": 0.2205528846153846, "adversarial_classification_accuracy": 0.0, "adversarial_uncertainty_correct": 0.9999998211860657, "adversarial_uncertainty_incorrect": 1.0, "supervised_acc": 90.44471153846153, "adversarial_filtered_semi_supervised_acc": NaN, "adversarial_unfilted_semi_supervised_acc": 37.419871794871796, "semi_supervised_acc": 99.36421435059037, "timestamp": 1511252491.2017114, "previous_chkpt": "/home/ubuntu/ORIE6741_bayesgan/results/adv_train_only/model_1800"}