{"disc_loss": 0.8149493336677551, "gen_losses": [1.6882104873657227, 2.1673572063446045, 2.5180044174194336, 1.8133671283721924, 1.9524540901184082, 2.548877239227295, 2.4822819232940674, 1.6591992378234863, 1.7152328491210938, 1.7609280347824097, 2.407402992248535, 1.6409399509429932, 2.2094838619232178, 2.447908639907837, 2.3762638568878174, 2.313624858856201, 2.1548023223876953, 2.2969305515289307, 2.1585917472839355, 2.165487051010132], "non_adversarial_classification_accuracy": 0.20072115384615385, "adversarial_classification_accuracy": 0.0, "adversarial_uncertainty_correct": 0.9999992251396179, "adversarial_uncertainty_incorrect": 0.9999997615814209, "supervised_acc": 92.05729166666667, "adversarial_filtered_semi_supervised_acc": NaN, "adversarial_unfilted_semi_supervised_acc": 26.221955128205128, "semi_supervised_acc": 98.85229540918164, "timestamp": 1512950439.3847568, "previous_chkpt": "/home/ubuntu/ORIE6741_bayesgan/results/adv_test_only_2/model_2400"}