{"disc_loss": 0.814211905002594, "gen_losses": [1.10354483127594, 2.0362703800201416, 1.3685917854309082, 1.9015085697174072, 1.4279518127441406, 1.6958856582641602, 2.372798204421997, 1.4334101676940918, 1.7088778018951416, 2.0643179416656494, 1.6571955680847168, 1.603878378868103, 1.653701901435852, 1.447846531867981, 1.7668417692184448, 1.7870302200317383, 1.5766340494155884, 1.4129869937896729, 1.8450175523757935, 1.538918137550354], "non_adversarial_classification_accuracy": 0.2920673076923077, "adversarial_classification_accuracy": 0.0, "adversarial_uncertainty_correct": 0.9999978542327881, "adversarial_uncertainty_incorrect": 0.9999987483024597, "supervised_acc": 90.1943108974359, "adversarial_filtered_semi_supervised_acc": NaN, "adversarial_unfilted_semi_supervised_acc": 27.383814102564102, "semi_supervised_acc": 98.7997256515775, "timestamp": 1512945728.1729078, "previous_chkpt": "/home/ubuntu/ORIE6741_bayesgan/results/adv_test_only_2/model_1600"}