{"disc_loss": 1.1221027374267578, "gen_losses": [0.7435867786407471, 1.2554755210876465, 1.2587705850601196, 0.8865265846252441, 1.076616644859314, 1.2576045989990234, 1.6919950246810913, 0.7259600758552551, 0.8333932161331177, 1.007643222808838, 0.9975290894508362, 1.3818961381912231, 1.3871556520462036, 0.7182649970054626, 0.8956273198127747, 1.3099323511123657, 0.9083788394927979, 1.1765754222869873, 0.9695082306861877, 0.9407246112823486], "non_adversarial_classification_accuracy": 0.5639022435897436, "adversarial_classification_accuracy": 0.0, "adversarial_uncertainty_correct": 0.9999874830245972, "adversarial_uncertainty_incorrect": 0.9999911785125732, "supervised_acc": 90.59495192307692, "adversarial_filtered_semi_supervised_acc": NaN, "adversarial_unfilted_semi_supervised_acc": 23.096955128205128, "semi_supervised_acc": 98.18827708703375, "timestamp": 1512942207.0734227, "previous_chkpt": "/home/ubuntu/ORIE6741_bayesgan/results/adv_test_only_2/model_1000"}