{"disc_loss": 1.0296164751052856, "gen_losses": [1.170823335647583, 1.9044747352600098, 1.1571835279464722, 1.2518900632858276, 1.8037763833999634, 1.351257085800171, 2.728050947189331, 1.4007364511489868, 1.0628985166549683, 1.4331934452056885, 1.0486637353897095, 1.715295433998108, 1.7237223386764526, 1.2989635467529297, 1.3871307373046875, 1.9572829008102417, 1.6388635635375977, 1.4682656526565552, 1.5327742099761963, 1.351515531539917], "non_adversarial_classification_accuracy": 0.43369391025641024, "adversarial_classification_accuracy": 0.0, "adversarial_uncertainty_correct": 1.0, "adversarial_uncertainty_incorrect": 1.0, "supervised_acc": 94.17067307692308, "adversarial_filtered_semi_supervised_acc": NaN, "adversarial_unfilted_semi_supervised_acc": 25.681089743589745, "semi_supervised_acc": 98.49884526558891, "timestamp": 1512956307.7692294, "previous_chkpt": "/home/ubuntu/ORIE6741_bayesgan/results/adv_test_only_2/model_3400"}