{"disc_loss": 0.8902685642242432, "gen_losses": [1.1323803663253784, 1.0340821743011475, 0.9689066410064697, 0.9152785539627075, 1.0296270847320557, 1.226954698562622, 2.039135694503784, 0.7383929491043091, 0.7039696574211121, 0.8869310021400452, 0.9199727177619934, 0.6163977980613708, 1.309175968170166, 0.7787885665893555, 1.1726514101028442, 1.2575451135635376, 1.326723575592041, 0.848282516002655, 0.908286452293396, 0.9315450191497803], "non_adversarial_classification_accuracy": 0.5860376602564102, "adversarial_classification_accuracy": 0.0, "adversarial_uncertainty_correct": 0.9999992847442627, "adversarial_uncertainty_incorrect": 0.9999997019767761, "supervised_acc": 91.93709935897436, "adversarial_filtered_semi_supervised_acc": NaN, "adversarial_unfilted_semi_supervised_acc": 24.559294871794872, "semi_supervised_acc": 98.30798154161681, "timestamp": 1512949683.5498874, "previous_chkpt": "/home/ubuntu/ORIE6741_bayesgan/results/adv_test_only_2/model_2200"}