{"disc_loss": 2.215878963470459, "gen_losses": [1.6693999767303467, 1.3269753456115723, 1.229887843132019, 1.9486286640167236, 1.6613174676895142, 1.7830867767333984, 1.8024441003799438, 1.372161865234375, 1.3377549648284912, 1.2321494817733765, 1.0379433631896973, 1.6268562078475952, 1.5570483207702637, 1.163934350013733, 1.3869960308074951, 1.5712157487869263, 1.1735817193984985, 1.149396538734436, 1.0872858762741089, 1.3113734722137451], "non_adversarial_classification_accuracy": 0.3525641025641026, "adversarial_classification_accuracy": 0.009715544871794872, "adversarial_uncertainty_correct": 0.8543237447738647, "adversarial_uncertainty_incorrect": 0.8553159832954407, "supervised_acc": 81.42027243589743, "adversarial_filtered_semi_supervised_acc": 52.577319587628864, "adversarial_unfilted_semi_supervised_acc": 80.40865384615384, "semi_supervised_acc": 96.2215909090909, "timestamp": 1512937527.0623653, "previous_chkpt": "/home/ubuntu/ORIE6741_bayesgan/results/adv_test_only_2/model_200"}