{"disc_loss": 0.9195045232772827, "gen_losses": [0.8899017572402954, 1.0772693157196045, 1.3803216218948364, 1.3285361528396606, 0.9913082718849182, 1.8103359937667847, 2.1105847358703613, 0.9582011699676514, 0.8818272352218628, 0.9661378264427185, 1.1627063751220703, 0.8513121008872986, 1.5864967107772827, 0.8800501823425293, 1.1984115839004517, 1.1862428188323975, 1.882071614265442, 1.0435515642166138, 1.4538246393203735, 0.973916232585907], "non_adversarial_classification_accuracy": 0.5388621794871795, "adversarial_classification_accuracy": 0.0, "adversarial_uncertainty_correct": 0.9999967217445374, "adversarial_uncertainty_incorrect": 0.999998152256012, "supervised_acc": 91.68669871794872, "adversarial_filtered_semi_supervised_acc": NaN, "adversarial_unfilted_semi_supervised_acc": 22.275641025641026, "semi_supervised_acc": 98.40148698884758, "timestamp": 1512949261.8725681, "previous_chkpt": "/home/ubuntu/ORIE6741_bayesgan/results/adv_test_only_2/model_2200"}