{"disc_loss": 0.9882091879844666, "gen_losses": [1.223899245262146, 1.7142744064331055, 1.1674875020980835, 1.326696515083313, 1.2178727388381958, 1.6461081504821777, 1.8753383159637451, 0.902450442314148, 1.3276491165161133, 1.1560596227645874, 1.1261814832687378, 1.1547654867172241, 1.2207666635513306, 1.1834694147109985, 1.1468291282653809, 1.1020593643188477, 1.0422953367233276, 1.2760401964187622, 1.0088590383529663, 1.3337918519973755], "non_adversarial_classification_accuracy": 0.43970352564102566, "adversarial_classification_accuracy": 0.0, "adversarial_uncertainty_correct": 0.9999343156814575, "adversarial_uncertainty_incorrect": 0.9999720454216003, "supervised_acc": 85.9375, "adversarial_filtered_semi_supervised_acc": NaN, "adversarial_unfilted_semi_supervised_acc": 20.88341346153846, "semi_supervised_acc": 97.8132118451025, "timestamp": 1512940287.0823503, "previous_chkpt": "/home/ubuntu/ORIE6741_bayesgan/results/adv_test_only_2/model_600"}