{"disc_loss": 1.045365810394287, "gen_losses": [1.069260597229004, 1.448968529701233, 1.1082838773727417, 1.3534624576568604, 1.4706355333328247, 2.10074782371521, 1.9975149631500244, 0.8440968990325928, 1.227720856666565, 1.2521560192108154, 1.098755955696106, 0.9363899827003479, 1.3005003929138184, 0.9981185793876648, 1.4091274738311768, 1.200305461883545, 1.1912786960601807, 1.6484529972076416, 1.2699649333953857, 1.564598560333252], "non_adversarial_classification_accuracy": 0.4310897435897436, "adversarial_classification_accuracy": 0.0, "adversarial_uncertainty_correct": 0.9999833703041077, "adversarial_uncertainty_incorrect": 0.9999890923500061, "supervised_acc": 88.83213141025641, "adversarial_filtered_semi_supervised_acc": NaN, "adversarial_unfilted_semi_supervised_acc": 28.40544871794872, "semi_supervised_acc": 97.95539033457248, "timestamp": 1512941451.3723776, "previous_chkpt": "/home/ubuntu/ORIE6741_bayesgan/results/adv_test_only_2/model_800"}