{"disc_loss": 0.8106018304824829, "gen_losses": [1.0626553297042847, 2.1062073707580566, 1.4219475984573364, 1.1602506637573242, 1.639882206916809, 1.4807859659194946, 2.56874418258667, 1.0463593006134033, 1.0514733791351318, 1.129442811012268, 1.7054377794265747, 1.5355037450790405, 1.8578572273254395, 1.4048027992248535, 1.5317065715789795, 1.844168782234192, 1.686755895614624, 1.1754192113876343, 1.2267253398895264, 1.4782581329345703], "non_adversarial_classification_accuracy": 0.44741586538461536, "adversarial_classification_accuracy": 0.0, "adversarial_uncertainty_correct": 0.9999995827674866, "adversarial_uncertainty_incorrect": 0.9999998807907104, "supervised_acc": 93.21915064102564, "adversarial_filtered_semi_supervised_acc": NaN, "adversarial_unfilted_semi_supervised_acc": 22.896634615384617, "semi_supervised_acc": 98.32102081934184, "timestamp": 1512951617.5028234, "previous_chkpt": "/home/ubuntu/ORIE6741_bayesgan/results/adv_test_only_2/model_2600"}