{"disc_loss": 1.0609675645828247, "gen_losses": [0.8233961462974548, 1.0397342443466187, 0.8506130576133728, 1.0722600221633911, 0.9553319811820984, 1.3214805126190186, 1.4942853450775146, 0.768022358417511, 0.7095059752464294, 0.8676866292953491, 0.6949416995048523, 1.0125786066055298, 1.0851421356201172, 0.6682214140892029, 0.9377516508102417, 0.8283842206001282, 0.858250617980957, 1.3568062782287598, 0.9222230315208435, 0.6649971604347229], "non_adversarial_classification_accuracy": 0.6006610576923077, "adversarial_classification_accuracy": 0.0, "adversarial_uncertainty_correct": 0.9999766945838928, "adversarial_uncertainty_incorrect": 0.999984622001648, "supervised_acc": 88.66185897435898, "adversarial_filtered_semi_supervised_acc": NaN, "adversarial_unfilted_semi_supervised_acc": 28.715945512820515, "semi_supervised_acc": 98.06569951642489, "timestamp": 1512941028.9047709, "previous_chkpt": "/home/ubuntu/ORIE6741_bayesgan/results/adv_test_only_2/model_800"}