{"disc_loss": 0.790915846824646, "gen_losses": [1.3531421422958374, 2.097578763961792, 1.8365428447723389, 1.3223925828933716, 1.6917845010757446, 2.6642937660217285, 2.461695909500122, 1.1686606407165527, 1.232984185218811, 1.4555522203445435, 1.311339020729065, 1.7242525815963745, 2.0961451530456543, 1.3623378276824951, 1.4248288869857788, 1.684145450592041, 1.8871350288391113, 1.6068023443222046, 1.7527804374694824, 1.463261365890503], "non_adversarial_classification_accuracy": 0.38271233974358976, "adversarial_classification_accuracy": 0.0, "adversarial_uncertainty_correct": 0.9999993443489075, "adversarial_uncertainty_incorrect": 0.9999997615814209, "supervised_acc": 92.2676282051282, "adversarial_filtered_semi_supervised_acc": NaN, "adversarial_unfilted_semi_supervised_acc": 23.006810897435898, "semi_supervised_acc": 98.6652708714996, "timestamp": 1512950862.5651267, "previous_chkpt": "/home/ubuntu/ORIE6741_bayesgan/results/adv_test_only_2/model_2400"}