{"disc_loss": 1.1685917377471924, "gen_losses": [1.0746325254440308, 1.2563313245773315, 0.8034248948097229, 1.1167408227920532, 0.9538854956626892, 1.5287816524505615, 1.6177153587341309, 0.9912203550338745, 1.1725683212280273, 1.1719317436218262, 1.0527292490005493, 0.9276384115219116, 1.3265995979309082, 0.9417994618415833, 1.098288655281067, 1.0921733379364014, 1.266535997390747, 1.1611578464508057, 1.1852242946624756, 1.2744505405426025], "non_adversarial_classification_accuracy": 0.4752604166666667, "adversarial_classification_accuracy": 0.0, "adversarial_uncertainty_correct": 0.9922743439674377, "adversarial_uncertainty_incorrect": 0.993852436542511, "supervised_acc": 81.58052884615384, "adversarial_filtered_semi_supervised_acc": NaN, "adversarial_unfilted_semi_supervised_acc": 74.46915064102564, "semi_supervised_acc": 95.36354056902002, "timestamp": 1512937949.2582803, "previous_chkpt": "/home/ubuntu/ORIE6741_bayesgan/results/adv_test_only_2/model_200"}