{"disc_loss": 0.9353993535041809, "gen_losses": [1.4011962413787842, 1.586238980293274, 1.5783618688583374, 1.1245876550674438, 1.63703453540802, 1.6869248151779175, 2.396209955215454, 1.088014841079712, 1.2365292310714722, 1.4093916416168213, 1.6550620794296265, 1.8618650436401367, 1.7741795778274536, 1.4228359460830688, 1.655083417892456, 1.9750525951385498, 1.8858084678649902, 1.5323113203048706, 1.6237794160842896, 1.699051856994629], "non_adversarial_classification_accuracy": 0.41256009615384615, "adversarial_classification_accuracy": 0.0, "adversarial_uncertainty_correct": 0.9999996423721313, "adversarial_uncertainty_incorrect": 1.0, "supervised_acc": 92.1073717948718, "adversarial_filtered_semi_supervised_acc": NaN, "adversarial_unfilted_semi_supervised_acc": 22.065304487179485, "semi_supervised_acc": 98.64044671036659, "timestamp": 1512952793.560942, "previous_chkpt": "/home/ubuntu/ORIE6741_bayesgan/results/adv_test_only_2/model_2800"}