{"disc_loss": 0.9794539213180542, "gen_losses": [0.8054590821266174, 1.3977081775665283, 1.0614172220230103, 0.8003988265991211, 0.7485694289207458, 1.514502763748169, 2.0028915405273438, 0.8113291263580322, 0.8533148765563965, 0.8319911956787109, 0.9138808846473694, 1.2087581157684326, 1.3502774238586426, 0.7277287840843201, 1.1639999151229858, 1.1134815216064453, 0.9193198680877686, 1.1241389513015747, 1.2701466083526611, 0.9605972766876221], "non_adversarial_classification_accuracy": 0.6369190705128205, "adversarial_classification_accuracy": 0.0, "adversarial_uncertainty_correct": 0.9999997615814209, "adversarial_uncertainty_incorrect": 1.0, "supervised_acc": 93.36939102564102, "adversarial_filtered_semi_supervised_acc": NaN, "adversarial_unfilted_semi_supervised_acc": 22.95673076923077, "semi_supervised_acc": 98.25444252240918, "timestamp": 1512952038.5649955, "previous_chkpt": "/home/ubuntu/ORIE6741_bayesgan/results/adv_test_only_2/model_2600"}