{"disc_loss": 0.9579455852508545, "gen_losses": [1.7625643014907837, 1.8374477624893188, 1.4281941652297974, 1.407684326171875, 0.9043670296669006, 2.177661180496216, 2.3896613121032715, 0.7568634152412415, 1.0996114015579224, 1.4909515380859375, 1.4273312091827393, 1.4472600221633911, 1.767202615737915, 1.180322289466858, 1.3552272319793701, 1.7954411506652832, 1.5118979215621948, 1.3369355201721191, 1.560803771018982, 1.4071470499038696], "non_adversarial_classification_accuracy": 0.4266826923076923, "adversarial_classification_accuracy": 0.0, "adversarial_uncertainty_correct": 0.9999999403953552, "adversarial_uncertainty_incorrect": 1.0, "supervised_acc": 94.11057692307692, "adversarial_filtered_semi_supervised_acc": NaN, "adversarial_unfilted_semi_supervised_acc": 29.18669871794872, "semi_supervised_acc": 99.01408450704226, "timestamp": 1512955560.316997, "previous_chkpt": "/home/ubuntu/ORIE6741_bayesgan/results/adv_test_only_2/model_3200"}