{"disc_loss": 0.966507077217102, "gen_losses": [1.2242379188537598, 2.424962043762207, 1.3655990362167358, 1.52897047996521, 2.255380392074585, 2.1609344482421875, 2.4003286361694336, 1.5417826175689697, 1.611343502998352, 1.5920546054840088, 1.4239351749420166, 1.923110008239746, 2.412900924682617, 1.7290514707565308, 1.9193360805511475, 1.6732532978057861, 1.59661865234375, 2.2692906856536865, 2.150306224822998, 2.0797815322875977], "non_adversarial_classification_accuracy": 0.2865584935897436, "adversarial_classification_accuracy": 0.0, "adversarial_uncertainty_correct": 0.999998152256012, "adversarial_uncertainty_incorrect": 0.9999990463256836, "supervised_acc": 90.94551282051282, "adversarial_filtered_semi_supervised_acc": NaN, "adversarial_unfilted_semi_supervised_acc": 26.221955128205128, "semi_supervised_acc": 98.49702901083538, "timestamp": 1512947328.556379, "previous_chkpt": "/home/ubuntu/ORIE6741_bayesgan/results/adv_test_only_2/model_1800"}