{"disc_loss": 1.4963797330856323, "gen_losses": [1.7822563648223877, 1.4633264541625977, 1.3890429735183716, 1.5377007722854614, 1.8950339555740356, 1.8762480020523071, 1.1292823553085327, 1.3144464492797852, 1.3686333894729614, 2.2157435417175293, 1.552573323249817, 1.3110504150390625, 1.620545744895935, 1.5166409015655518, 1.7448292970657349, 1.5179721117019653, 1.2549567222595215, 1.5073593854904175, 1.3244447708129883, 2.164868116378784, 1.7448896169662476, 1.7401853799819946, 1.3893389701843262, 2.0697789192199707, 1.5931010246276855, 1.520115613937378, 1.4673278331756592, 1.6996736526489258, 1.4610307216644287, 1.5655157566070557, 1.711475133895874, 1.4337718486785889, 1.439443588256836, 1.5638601779937744, 1.3120794296264648, 1.9363559484481812, 1.0761853456497192, 1.4944082498550415, 1.5362893342971802, 1.523697853088379], "non_adversarial_classification_accuracy": 0.33743990384615385, "adversarial_classification_accuracy": 0.0, "adversarial_uncertainty_correct": 0.991434633731842, "adversarial_uncertainty_incorrect": 0.9923590421676636, "supervised_acc": 80.078125, "adversarial_filtered_semi_supervised_acc": NaN, "adversarial_unfilted_semi_supervised_acc": 71.54447115384616, "semi_supervised_acc": 87.80053428317008, "timestamp": 1512942718.1548498, "previous_chkpt": ""}