{"disc_loss": 1.000963807106018, "gen_losses": [1.773977279663086, 1.1786320209503174, 1.4981634616851807, 1.493698000907898, 1.4275747537612915, 1.2453088760375977, 1.016847848892212, 1.3894944190979004, 1.306156873703003, 1.7053471803665161, 1.3803054094314575, 1.051601767539978, 1.842860460281372, 1.3634111881256104, 1.5321825742721558, 1.4566456079483032, 1.4393144845962524, 1.821324348449707, 1.3047280311584473, 2.1609127521514893, 1.433081865310669, 1.5193496942520142, 1.0217090845108032, 1.3459303379058838, 1.6319797039031982, 1.9623942375183105, 1.770724892616272, 1.5595420598983765, 1.9500778913497925, 1.25760018825531, 1.7596099376678467, 1.7052350044250488, 1.5384025573730469, 1.567093014717102, 1.350051999092102, 1.9434980154037476, 1.5015512704849243, 1.784606695175171, 1.104067325592041, 1.6622391939163208], "non_adversarial_classification_accuracy": 0.2958733974358974, "adversarial_classification_accuracy": 0.0, "adversarial_uncertainty_correct": 0.9999960660934448, "adversarial_uncertainty_incorrect": 0.9999978542327881, "supervised_acc": 89.1426282051282, "adversarial_filtered_semi_supervised_acc": NaN, "adversarial_unfilted_semi_supervised_acc": 64.87379807692308, "semi_supervised_acc": 95.09140148950576, "timestamp": 1512955159.789507, "previous_chkpt": "/home/ubuntu/ORIE6741_bayesgan/results/mcmc-4/model_1600"}