{"disc_loss": 0.9248613119125366, "gen_losses": [1.7235591411590576, 1.1370967626571655, 1.6071504354476929, 1.11066472530365, 1.5357458591461182, 1.47660231590271, 0.9745738506317139, 1.0523549318313599, 1.5034204721450806, 1.6240955591201782, 1.1320631504058838, 1.0153145790100098, 1.406904935836792, 1.234139084815979, 1.5452744960784912, 1.1300286054611206, 1.0164947509765625, 1.5226271152496338, 1.526904582977295, 1.9269182682037354, 1.4968448877334595, 1.0620437860488892, 0.7315415740013123, 1.6896939277648926, 1.3246229887008667, 1.1944433450698853, 1.40781831741333, 1.9406238794326782, 2.5563619136810303, 1.2544223070144653, 1.4180188179016113, 1.273729681968689, 1.25, 1.5929044485092163, 1.5946835279464722, 1.5643607378005981, 1.321816325187683, 1.3966776132583618, 1.131744384765625, 1.4863407611846924], "non_adversarial_classification_accuracy": 0.4243790064102564, "adversarial_classification_accuracy": 0.0, "adversarial_uncertainty_correct": 0.9999672174453735, "adversarial_uncertainty_incorrect": 0.9999822974205017, "supervised_acc": 85.52684294871794, "adversarial_filtered_semi_supervised_acc": NaN, "adversarial_unfilted_semi_supervised_acc": 63.30128205128205, "semi_supervised_acc": 94.68963889544489, "timestamp": 1512948965.8716903, "previous_chkpt": "/home/ubuntu/ORIE6741_bayesgan/results/mcmc-4/model_800"}