{"disc_loss": 0.8995901346206665, "gen_losses": [1.4767307043075562, 1.113869071006775, 1.5256181955337524, 0.9279243350028992, 0.7225933074951172, 1.375245213508606, 0.6441860795021057, 1.2633024454116821, 1.285519003868103, 1.7103201150894165, 0.9566918611526489, 0.7577728629112244, 1.210329294204712, 1.0368754863739014, 1.2084829807281494, 1.276181936264038, 0.8973385691642761, 1.629207968711853, 1.3088897466659546, 1.4367426633834839, 1.310804009437561, 1.0253491401672363, 0.8526661396026611, 1.4291259050369263, 1.376655101776123, 1.2928427457809448, 1.33001708984375, 1.6003855466842651, 2.116145610809326, 1.4071704149246216, 1.6679596900939941, 1.1558387279510498, 1.2500810623168945, 1.1449077129364014, 1.3792670965194702, 1.6568303108215332, 0.9657499194145203, 1.1205254793167114, 1.0092713832855225, 1.180655598640442], "non_adversarial_classification_accuracy": 0.4645432692307692, "adversarial_classification_accuracy": 0.0, "adversarial_uncertainty_correct": 0.9999973773956299, "adversarial_uncertainty_incorrect": 0.9999985098838806, "supervised_acc": 89.08253205128206, "adversarial_filtered_semi_supervised_acc": NaN, "adversarial_unfilted_semi_supervised_acc": 60.00600961538461, "semi_supervised_acc": 96.52867615351444, "timestamp": 1512956591.364871, "previous_chkpt": "/home/ubuntu/ORIE6741_bayesgan/results/mcmc-4/model_1600"}