{"disc_loss": 0.9158585071563721, "gen_losses": [1.317646861076355, 1.3585789203643799, 1.1232290267944336, 1.0975943803787231, 1.258185863494873, 1.2965041399002075, 1.0209028720855713, 1.2380982637405396, 1.2066640853881836, 1.3938076496124268, 1.2836796045303345, 0.8766438961029053, 1.7509310245513916, 1.7731050252914429, 1.3072608709335327, 0.9492577314376831, 0.8795747756958008, 1.860815405845642, 1.4723154306411743, 1.702657699584961, 1.6567291021347046, 0.9621353149414062, 1.268680453300476, 1.3759403228759766, 1.3074232339859009, 1.5440670251846313, 1.8245749473571777, 1.680229902267456, 1.8962478637695312, 1.3952839374542236, 1.0636688470840454, 1.209469199180603, 1.196577787399292, 1.2141913175582886, 1.0126549005508423, 1.7739280462265015, 1.0811721086502075, 1.1323586702346802, 0.7723063230514526, 1.465489149093628], "non_adversarial_classification_accuracy": 0.4524238782051282, "adversarial_classification_accuracy": 0.0, "adversarial_uncertainty_correct": 0.9999942779541016, "adversarial_uncertainty_incorrect": 0.9999967813491821, "supervised_acc": 89.11258012820512, "adversarial_filtered_semi_supervised_acc": NaN, "adversarial_unfilted_semi_supervised_acc": 65.24439102564102, "semi_supervised_acc": 95.68297542616781, "timestamp": 1512954442.279492, "previous_chkpt": "/home/ubuntu/ORIE6741_bayesgan/results/mcmc-4/model_1600"}