{"disc_loss": 1.0055041313171387, "gen_losses": [1.0882505178451538, 1.261348009109497, 1.5540976524353027, 0.9307892322540283, 0.9026422500610352, 1.313135027885437, 0.8628582954406738, 1.0203324556350708, 1.434263825416565, 1.9319368600845337, 0.9728047251701355, 0.7214959859848022, 1.3563451766967773, 1.2572839260101318, 1.2850178480148315, 1.3613007068634033, 1.040366291999817, 1.2223396301269531, 0.9780724048614502, 1.814016580581665, 1.2291299104690552, 0.9788709878921509, 1.2633579969406128, 1.41077721118927, 1.031442642211914, 1.2159299850463867, 1.4751588106155396, 1.4196285009384155, 1.7249888181686401, 1.0154588222503662, 1.162923812866211, 0.8897799253463745, 1.383338212966919, 1.3581280708312988, 1.4207111597061157, 1.8481676578521729, 1.1728143692016602, 1.121814489364624, 0.7670758962631226, 1.452167272567749], "non_adversarial_classification_accuracy": 0.53125, "adversarial_classification_accuracy": 0.0, "adversarial_uncertainty_correct": 0.9999887943267822, "adversarial_uncertainty_incorrect": 0.9999926686286926, "supervised_acc": 86.7988782051282, "adversarial_filtered_semi_supervised_acc": NaN, "adversarial_unfilted_semi_supervised_acc": 61.89903846153846, "semi_supervised_acc": 95.13574660633485, "timestamp": 1512951697.660747, "previous_chkpt": "/home/ubuntu/ORIE6741_bayesgan/results/mcmc-4/model_1200"}