{"disc_loss": 1.0695744752883911, "gen_losses": [1.2233930826187134, 1.160499930381775, 1.084115982055664, 0.9673634171485901, 1.1254117488861084, 0.9513436555862427, 0.7789348363876343, 1.087037205696106, 1.0193769931793213, 1.399688482284546, 1.1128344535827637, 0.9820114970207214, 1.1107901334762573, 1.0470637083053589, 1.2184369564056396, 1.0182698965072632, 0.8857901096343994, 1.170695424079895, 1.1578038930892944, 1.3789230585098267, 1.0613816976547241, 0.8731773495674133, 0.7242584824562073, 1.2859773635864258, 1.07692551612854, 1.0334831476211548, 1.2636476755142212, 1.4993656873703003, 1.6345123052597046, 0.8098527789115906, 1.2255867719650269, 1.1490873098373413, 0.8457067608833313, 0.8975000381469727, 1.060066819190979, 1.22310471534729, 0.8187372088432312, 1.137093186378479, 0.6963926553726196, 1.395794153213501], "non_adversarial_classification_accuracy": 0.5383613782051282, "adversarial_classification_accuracy": 0.0, "adversarial_uncertainty_correct": 0.9998217821121216, "adversarial_uncertainty_incorrect": 0.9998666048049927, "supervised_acc": 84.3349358974359, "adversarial_filtered_semi_supervised_acc": NaN, "adversarial_unfilted_semi_supervised_acc": 69.97195512820512, "semi_supervised_acc": 93.04186046511627, "timestamp": 1512946257.4842238, "previous_chkpt": "/home/ubuntu/ORIE6741_bayesgan/results/mcmc-4/model_400"}