{"disc_loss": 0.8651273250579834, "gen_losses": [1.6603443622589111, 1.523330569267273, 1.6806762218475342, 1.2686046361923218, 1.2380589246749878, 1.8252816200256348, 1.4156577587127686, 1.8613804578781128, 2.085421085357666, 2.4853742122650146, 1.3147214651107788, 1.5950127840042114, 2.088499069213867, 1.8089665174484253, 2.252451181411743, 1.4080861806869507, 1.398740291595459, 1.6365572214126587, 1.8994237184524536, 2.9277212619781494, 1.8549187183380127, 1.5392811298370361, 1.5613548755645752, 1.6378012895584106, 1.533576488494873, 1.7752676010131836, 1.7433607578277588, 2.5146849155426025, 2.40613055229187, 1.7053413391113281, 1.9059571027755737, 1.3786765336990356, 1.7082180976867676, 1.5117334127426147, 1.8536019325256348, 1.8932386636734009, 2.009795665740967, 1.9533923864364624, 1.3106261491775513, 1.7475714683532715], "non_adversarial_classification_accuracy": 0.23527644230769232, "adversarial_classification_accuracy": 0.0, "adversarial_uncertainty_correct": 0.999972403049469, "adversarial_uncertainty_incorrect": 0.9999839067459106, "supervised_acc": 85.546875, "adversarial_filtered_semi_supervised_acc": NaN, "adversarial_unfilted_semi_supervised_acc": 68.05889423076923, "semi_supervised_acc": 93.86973180076629, "timestamp": 1512949669.4203146, "previous_chkpt": "/home/ubuntu/ORIE6741_bayesgan/results/mcmc-4/model_800"}