{"disc_loss": 2.019859790802002, "gen_losses": [1.5983668565750122, 1.5172137022018433, 1.7945917844772339, 2.0023350715637207, 1.881821870803833, 1.8760799169540405, 1.6562647819519043, 2.096184730529785, 1.6449646949768066, 2.3501200675964355, 1.2333680391311646, 1.877745509147644, 1.8507379293441772, 1.617366075515747, 2.022632598876953, 1.6693881750106812, 1.9033067226409912, 1.871972918510437, 1.793513298034668, 2.204328775405884, 1.8303759098052979, 1.5688130855560303, 1.4908077716827393, 2.0517730712890625, 1.6408584117889404, 1.747068166732788, 1.6916159391403198, 1.704809308052063, 1.7891885042190552, 1.8621981143951416, 1.6998568773269653, 1.6519615650177002, 1.870534896850586, 1.8831151723861694, 1.9720371961593628, 2.0835695266723633, 1.674415111541748, 1.425066590309143, 1.6217122077941895, 1.8266006708145142], "non_adversarial_classification_accuracy": 0.24619391025641027, "adversarial_classification_accuracy": 0.0, "adversarial_uncertainty_correct": 0.9903173446655273, "adversarial_uncertainty_incorrect": 0.9921402931213379, "supervised_acc": 80.02804487179488, "adversarial_filtered_semi_supervised_acc": NaN, "adversarial_unfilted_semi_supervised_acc": 74.5292467948718, "semi_supervised_acc": 87.95768917819365, "timestamp": 1512942019.0903072, "previous_chkpt": ""}