{"disc_loss": 1.2017871141433716, "gen_losses": [0.6891481280326843, 0.6845532059669495, 1.150771975517273, 1.0288437604904175, 1.1055742502212524, 1.764358401298523, 0.5542402863502502, 1.9653681516647339, 0.8300827145576477, 1.1145037412643433, 0.7645983695983887, 0.7556564807891846, 1.306466817855835, 0.8668271899223328, 0.4002922773361206, 1.0068458318710327, 0.9113924503326416, 1.501771330833435, 0.5390924215316772, 0.9439447522163391, 1.0976364612579346, 1.211138367652893, 0.7959812879562378, 0.5956361293792725, 0.6840773820877075, 1.7441445589065552, 0.7213658094406128, 0.8711913824081421, 0.6241291761398315, 1.380102276802063, 1.7760533094406128, 2.2854413986206055, 0.7157086133956909, 0.7239548563957214, 1.7513965368270874, 2.9312632083892822, 1.2743175029754639, 1.359797477722168, 0.7375282645225525, 1.1767939329147339], "non_adversarial_classification_accuracy": 0.9231770833333334, "adversarial_classification_accuracy": 0.15735176282051283, "adversarial_uncertainty_correct": 0.7416263222694397, "adversarial_uncertainty_incorrect": 0.8596870303153992, "supervised_acc": 79.7676282051282, "adversarial_filtered_semi_supervised_acc": 88.16040738383195, "adversarial_unfilted_semi_supervised_acc": 69.25080128205128, "semi_supervised_acc": 90.41987631550396, "timestamp": 1512940617.5014002, "previous_chkpt": ""}