{"disc_loss": 1.410724401473999, "gen_losses": [1.1525037288665771, 0.9299415349960327, 1.4745361804962158, 1.060754656791687, 1.294416069984436, 0.8773933053016663, 0.6432369947433472, 1.1427558660507202, 1.3368256092071533, 1.2681351900100708, 0.833660364151001, 0.9950218200683594, 1.2031688690185547, 1.4127095937728882, 0.8736262321472168, 0.7587807774543762, 1.1305772066116333, 0.9923402070999146, 1.4288867712020874, 1.0849303007125854, 1.0790382623672485, 1.1764271259307861, 1.137959599494934, 1.3690381050109863, 1.2420909404754639, 1.909778356552124, 1.227579951286316, 1.4828269481658936, 1.0066553354263306, 0.9700438380241394, 1.3600680828094482, 0.8145868182182312, 1.1383625268936157, 1.5284770727157593, 0.7710105180740356, 1.511216163635254, 0.9301337599754333, 0.8248363733291626, 0.7780570983886719, 1.3111250400543213], "non_adversarial_classification_accuracy": 0.633613782051282, "adversarial_classification_accuracy": 0.011017628205128206, "adversarial_uncertainty_correct": 0.9197648763656616, "adversarial_uncertainty_incorrect": 0.9305590391159058, "supervised_acc": 79.96794871794872, "adversarial_filtered_semi_supervised_acc": 83.63636363636364, "adversarial_unfilted_semi_supervised_acc": 75.23036858974359, "semi_supervised_acc": 91.49541574454632, "timestamp": 1512941319.3858747, "previous_chkpt": ""}