{"disc_loss": 0.9463202357292175, "gen_losses": [1.6835330724716187, 1.0819003582000732, 1.438241958618164, 0.996161937713623, 1.043788194656372, 0.9884346127510071, 0.783280611038208, 1.0627840757369995, 1.4019290208816528, 2.029836416244507, 1.156341791152954, 0.8183186650276184, 1.559796929359436, 1.2613219022750854, 1.3247610330581665, 0.6390899419784546, 1.3254010677337646, 1.2293641567230225, 1.247698187828064, 1.7336509227752686, 1.1354622840881348, 1.170519471168518, 0.5238438248634338, 1.7226253747940063, 1.1277434825897217, 1.3185911178588867, 1.8933372497558594, 1.4644805192947388, 1.3791395425796509, 0.980733335018158, 0.9617084860801697, 1.4654390811920166, 1.0572619438171387, 1.2614765167236328, 1.0499565601348877, 1.2426819801330566, 1.4021013975143433, 1.3054962158203125, 0.9600788354873657, 1.1191197633743286], "non_adversarial_classification_accuracy": 0.4745592948717949, "adversarial_classification_accuracy": 0.0, "adversarial_uncertainty_correct": 0.9999968409538269, "adversarial_uncertainty_incorrect": 0.9999980926513672, "supervised_acc": 89.16266025641026, "adversarial_filtered_semi_supervised_acc": NaN, "adversarial_unfilted_semi_supervised_acc": 58.37339743589744, "semi_supervised_acc": 95.3777965386239, "timestamp": 1512955873.962576, "previous_chkpt": "/home/ubuntu/ORIE6741_bayesgan/results/mcmc-4/model_1600"}