{"disc_loss": 1.1014752388000488, "gen_losses": [1.2748284339904785, 1.0152652263641357, 0.883452296257019, 0.8064493536949158, 0.8504679799079895, 1.148028016090393, 0.6999565958976746, 0.8297838568687439, 0.9551832675933838, 1.765347957611084, 0.8122482895851135, 0.9591392874717712, 1.1271663904190063, 1.1013774871826172, 0.9699721932411194, 0.8219372034072876, 0.8697189688682556, 0.9823921918869019, 0.8635990619659424, 1.4545377492904663, 0.8464142680168152, 0.7679386138916016, 0.7259077429771423, 1.0992664098739624, 0.9184243679046631, 0.8878448605537415, 0.998267412185669, 1.080739974975586, 1.4607199430465698, 0.6572909951210022, 1.1679853200912476, 0.9305234551429749, 0.7020319700241089, 0.8598361015319824, 0.9178584218025208, 0.9747552275657654, 0.8790149092674255, 0.8331982493400574, 0.8769282698631287, 0.9735836386680603], "non_adversarial_classification_accuracy": 0.6001602564102564, "adversarial_classification_accuracy": 0.0, "adversarial_uncertainty_correct": 0.9999533891677856, "adversarial_uncertainty_incorrect": 0.9999704957008362, "supervised_acc": 85.546875, "adversarial_filtered_semi_supervised_acc": NaN, "adversarial_unfilted_semi_supervised_acc": 59.39503205128205, "semi_supervised_acc": 93.80841121495327, "timestamp": 1512948264.5764704, "previous_chkpt": "/home/ubuntu/ORIE6741_bayesgan/results/mcmc-4/model_800"}