{"disc_loss": 0.8519561886787415, "gen_losses": [1.4392796754837036, 1.2090730667114258, 1.3138110637664795, 1.0195080041885376, 1.265235424041748, 1.37591552734375, 0.9328063130378723, 1.08912193775177, 1.6457678079605103, 1.8092565536499023, 1.0578621625900269, 1.1193820238113403, 1.7220484018325806, 1.7160837650299072, 1.4077526330947876, 1.1736297607421875, 1.0367785692214966, 1.4358347654342651, 1.46319580078125, 2.0254125595092773, 1.3364001512527466, 1.0810515880584717, 1.059654951095581, 1.4684077501296997, 1.4039218425750732, 1.466048240661621, 1.3764179944992065, 1.8411040306091309, 1.662498950958252, 1.40492844581604, 1.6853363513946533, 1.3753355741500854, 1.1794990301132202, 1.5874980688095093, 1.1985586881637573, 1.5373332500457764, 1.1206806898117065, 1.3694132566452026, 0.9204024076461792, 1.395279884338379], "non_adversarial_classification_accuracy": 0.3828125, "adversarial_classification_accuracy": 0.0, "adversarial_uncertainty_correct": 0.9999926090240479, "adversarial_uncertainty_incorrect": 0.9999954700469971, "supervised_acc": 87.24959935897436, "adversarial_filtered_semi_supervised_acc": NaN, "adversarial_unfilted_semi_supervised_acc": 62.62019230769231, "semi_supervised_acc": 94.40083725798011, "timestamp": 1512953097.757481, "previous_chkpt": "/home/ubuntu/ORIE6741_bayesgan/results/mcmc-4/model_1200"}