{"disc_loss": 1.225301742553711, "gen_losses": [1.053167700767517, 0.8228625655174255, 0.89556485414505, 0.6266297698020935, 1.0612061023712158, 0.8602970838546753, 0.6151573657989502, 0.7314770221710205, 0.9869274497032166, 1.0517511367797852, 0.7218733429908752, 0.6466330885887146, 0.8929646611213684, 0.9412378072738647, 0.8837344646453857, 0.598507285118103, 0.8612806797027588, 0.9942739009857178, 0.5420704483985901, 1.3193269968032837, 0.7243918776512146, 0.6803041100502014, 0.6494445204734802, 0.9899491667747498, 0.8533219695091248, 0.775928795337677, 1.2857160568237305, 1.2216713428497314, 1.1007107496261597, 0.661024272441864, 0.8447713255882263, 0.9016890525817871, 0.939176082611084, 1.049249291419983, 0.9794461131095886, 0.9641397595405579, 0.7102876305580139, 0.6972002983093262, 0.5309275984764099, 0.9199473261833191], "non_adversarial_classification_accuracy": 0.6771834935897436, "adversarial_classification_accuracy": 0.0, "adversarial_uncertainty_correct": 0.9996066689491272, "adversarial_uncertainty_incorrect": 0.9997076392173767, "supervised_acc": 84.4551282051282, "adversarial_filtered_semi_supervised_acc": NaN, "adversarial_unfilted_semi_supervised_acc": 63.391426282051285, "semi_supervised_acc": 92.5011093033575, "timestamp": 1512945530.434879, "previous_chkpt": "/home/ubuntu/ORIE6741_bayesgan/results/mcmc-4/model_400"}