{"disc_loss": 1.2205939292907715, "gen_losses": [0.7290593981742859, 0.462713360786438, 0.7116699814796448, 0.41175639629364014, 0.6232882142066956, 0.5884739756584167, 0.43666985630989075, 0.7328987121582031, 0.5613218545913696, 0.9780015349388123, 0.49727585911750793, 0.4719928205013275, 0.787820041179657, 1.0234060287475586, 0.8982387781143188, 0.6134594082832336, 0.4267140328884125, 0.6463679075241089, 0.7085621356964111, 1.07331120967865, 0.6470321416854858, 0.6793822646141052, 0.5581181645393372, 0.7873695492744446, 0.7151972651481628, 0.8150649070739746, 0.8600585460662842, 1.0125083923339844, 0.8100410103797913, 0.49718746542930603, 0.8677789568901062, 0.48390647768974304, 0.4872666001319885, 0.8274934887886047, 0.7861224412918091, 0.9021711349487305, 0.48318421840667725, 0.548750638961792, 0.5564807653427124, 0.7405067086219788], "non_adversarial_classification_accuracy": 0.7572115384615384, "adversarial_classification_accuracy": 0.0, "adversarial_uncertainty_correct": 0.9999891519546509, "adversarial_uncertainty_incorrect": 0.9999931454658508, "supervised_acc": 87.0292467948718, "adversarial_filtered_semi_supervised_acc": NaN, "adversarial_unfilted_semi_supervised_acc": 58.64383012820513, "semi_supervised_acc": 95.30423280423281, "timestamp": 1512952399.6274803, "previous_chkpt": "/home/ubuntu/ORIE6741_bayesgan/results/mcmc-4/model_1200"}