{"disc_loss": 1.0532217025756836, "gen_losses": [0.9986987113952637, 0.6925609707832336, 0.7223029732704163, 0.7804096937179565, 0.7484403848648071, 0.9920461177825928, 0.6722894906997681, 0.8326737880706787, 0.7735242247581482, 1.3307139873504639, 0.6283868551254272, 0.9009149074554443, 1.1372694969177246, 0.8372231125831604, 1.171852469444275, 0.5275328159332275, 0.7191690802574158, 0.9580262303352356, 0.7597143054008484, 1.2518136501312256, 0.7697476148605347, 0.992630124092102, 0.500920832157135, 1.388100504875183, 0.7354801297187805, 1.1229888200759888, 1.0838003158569336, 1.2009080648422241, 1.28633713722229, 0.6367793679237366, 1.0404374599456787, 0.6660720109939575, 0.8924298882484436, 0.8185667395591736, 0.9258729815483093, 1.350558876991272, 0.8823830485343933, 0.7331598401069641, 0.6519314050674438, 1.245556354522705], "non_adversarial_classification_accuracy": 0.6383213141025641, "adversarial_classification_accuracy": 0.0, "adversarial_uncertainty_correct": 0.999945342540741, "adversarial_uncertainty_incorrect": 0.9999707341194153, "supervised_acc": 85.37660256410257, "adversarial_filtered_semi_supervised_acc": NaN, "adversarial_unfilted_semi_supervised_acc": 62.37980769230769, "semi_supervised_acc": 94.97881688372823, "timestamp": 1512947571.7951734, "previous_chkpt": "/home/ubuntu/ORIE6741_bayesgan/results/mcmc-4/model_800"}