{"disc_loss": 1.3592473268508911, "gen_losses": [0.8276777267456055, 0.7439867258071899, 0.8547356128692627, 0.9498036503791809, 0.8028841614723206, 0.9566426873207092, 0.7395938038825989, 1.0086653232574463, 0.7575870752334595, 0.8804003596305847, 0.5199692845344543, 0.7533486485481262, 1.0627014636993408, 0.7953841686248779, 1.1281274557113647, 0.8554638624191284, 0.9178350567817688, 0.7517781853675842, 0.8362186551094055, 0.9565035104751587, 0.7637211680412292, 0.5691705942153931, 0.8586761951446533, 1.3504375219345093, 1.0231183767318726, 0.8047294020652771, 0.8693931698799133, 1.4346517324447632, 1.0846338272094727, 0.8081806898117065, 0.7842308878898621, 0.7750023603439331, 0.7098050713539124, 0.7177293300628662, 0.9932602643966675, 1.0287452936172485, 0.6906918287277222, 0.8004819750785828, 0.5671447515487671, 0.7652685046195984], "non_adversarial_classification_accuracy": 0.6232972756410257, "adversarial_classification_accuracy": 0.0, "adversarial_uncertainty_correct": 0.9946995973587036, "adversarial_uncertainty_incorrect": 0.9953262209892273, "supervised_acc": 84.71554487179488, "adversarial_filtered_semi_supervised_acc": NaN, "adversarial_unfilted_semi_supervised_acc": 80.24839743589743, "semi_supervised_acc": 92.39916439016551, "timestamp": 1512944065.3708308, "previous_chkpt": "/home/ubuntu/ORIE6741_bayesgan/results/mcmc-4/model_400"}