{"disc_loss": 1.0698493719100952, "gen_losses": [1.2278947830200195, 0.9185894131660461, 1.0333490371704102, 1.3797307014465332, 1.225402593612671, 0.968009889125824, 0.8571522831916809, 0.6749601364135742, 1.4100801944732666, 1.1604564189910889, 1.0070223808288574, 1.1386977434158325, 1.5531357526779175, 0.9512413740158081, 0.9167400002479553, 1.0385253429412842, 1.0866491794586182, 1.3146575689315796, 0.9646384716033936, 1.3964909315109253, 0.8251742720603943, 1.1057939529418945, 0.8279716372489929, 1.283058524131775, 0.7428602576255798, 1.470807671546936, 1.375551462173462, 1.5605103969573975, 1.2274140119552612, 0.8979766368865967, 0.9186464548110962, 0.9915920495986938, 0.8705376386642456, 0.8972298502922058, 1.266545295715332, 1.3326505422592163, 1.000585913658142, 1.1212304830551147, 0.9511224627494812, 1.0905334949493408], "non_adversarial_classification_accuracy": 0.5567908653846154, "adversarial_classification_accuracy": 0.0, "adversarial_uncertainty_correct": 0.999171257019043, "adversarial_uncertainty_incorrect": 0.999431312084198, "supervised_acc": 84.50520833333333, "adversarial_filtered_semi_supervised_acc": NaN, "adversarial_unfilted_semi_supervised_acc": 73.7880608974359, "semi_supervised_acc": 92.69652815254543, "timestamp": 1512944797.4073653, "previous_chkpt": "/home/ubuntu/ORIE6741_bayesgan/results/mcmc-4/model_400"}