{"disc_loss": 1.3122245073318481, "gen_losses": [1.869804859161377, 1.3304985761642456, 1.81389319896698, 1.3053181171417236, 1.6213008165359497, 1.739238977432251, 1.2001715898513794, 1.3007185459136963, 1.7494670152664185, 2.4968926906585693, 1.5443048477172852, 1.5891938209533691, 1.6364606618881226, 1.6879459619522095, 1.4048258066177368, 1.5508015155792236, 1.1609326601028442, 1.6301146745681763, 1.2918046712875366, 1.9531830549240112, 1.5433965921401978, 1.4144001007080078, 1.4799188375473022, 1.6915771961212158, 1.675209879875183, 1.4278284311294556, 2.4351651668548584, 1.9965174198150635, 2.4598746299743652, 1.8817777633666992, 2.492079973220825, 1.7215619087219238, 1.3477169275283813, 1.7457804679870605, 1.3586995601654053, 1.7440845966339111, 1.452396273612976, 1.7461304664611816, 1.2714617252349854, 1.5613120794296265], "non_adversarial_classification_accuracy": 0.31981169871794873, "adversarial_classification_accuracy": 0.0, "adversarial_uncertainty_correct": 0.9999841451644897, "adversarial_uncertainty_incorrect": 0.9999924898147583, "supervised_acc": 86.55849358974359, "adversarial_filtered_semi_supervised_acc": NaN, "adversarial_unfilted_semi_supervised_acc": 63.45152243589744, "semi_supervised_acc": 95.74068274350141, "timestamp": 1512950995.2049139, "previous_chkpt": "/home/ubuntu/ORIE6741_bayesgan/results/mcmc-4/model_1200"}