{"disc_loss": 0.9051840305328369, "gen_losses": [0.9708889126777649, 1.7284172773361206, 1.0386208295822144, 1.251317024230957, 1.619033694267273, 1.3113352060317993, 2.1732897758483887, 1.1399562358856201, 1.557915210723877, 1.2290183305740356, 1.4915744066238403, 1.4878888130187988, 1.2960835695266724, 1.1056922674179077, 1.175686001777649, 1.9269764423370361, 1.358954668045044, 1.523488998413086, 1.6299670934677124, 1.2589917182922363], "non_adversarial_classification_accuracy": 0.42918669871794873, "adversarial_classification_accuracy": 0.0, "adversarial_uncertainty_correct": 0.9999982118606567, "adversarial_uncertainty_incorrect": 0.9999989867210388, "supervised_acc": 90.41466346153847, "adversarial_filtered_semi_supervised_acc": NaN, "adversarial_unfilted_semi_supervised_acc": 23.487580128205128, "semi_supervised_acc": 98.66977829638273, "timestamp": 1512946151.5151212, "previous_chkpt": "/home/ubuntu/ORIE6741_bayesgan/results/adv_test_only_2/model_1600"}