{"disc_loss": 1.0346553325653076, "gen_losses": [0.5784502029418945, 0.8757456541061401, 0.7003918290138245, 0.7046428322792053, 0.8835033774375916, 1.1299008131027222, 1.5298144817352295, 0.5130448341369629, 0.5266357064247131, 0.5818415880203247, 0.4733377695083618, 0.81139075756073, 0.8342187404632568, 0.49976998567581177, 0.7562645673751831, 0.9105741381645203, 0.957483172416687, 0.7339446544647217, 0.8013203144073486, 0.9620568752288818], "non_adversarial_classification_accuracy": 0.7160456730769231, "adversarial_classification_accuracy": 0.0, "adversarial_uncertainty_correct": 0.9999988079071045, "adversarial_uncertainty_incorrect": 0.9999992251396179, "supervised_acc": 91.31610576923077, "adversarial_filtered_semi_supervised_acc": NaN, "adversarial_unfilted_semi_supervised_acc": 22.125400641025642, "semi_supervised_acc": 97.97174429990208, "timestamp": 1512948081.4399173, "previous_chkpt": "/home/ubuntu/ORIE6741_bayesgan/results/adv_test_only_2/model_2000"}