{"disc_loss": 1.1622735261917114, "gen_losses": [1.4849441051483154, 1.2788344621658325, 1.426928162574768, 1.4430229663848877, 1.5428321361541748, 1.7012380361557007, 2.0672733783721924, 1.0592573881149292, 1.2385823726654053, 1.073430061340332, 1.2889801263809204, 1.3208001852035522, 1.4405653476715088, 1.1215407848358154, 1.6734434366226196, 1.4613780975341797, 1.1001927852630615, 1.379033088684082, 1.4086461067199707, 1.4753479957580566], "non_adversarial_classification_accuracy": 0.39393028846153844, "adversarial_classification_accuracy": 0.0, "adversarial_uncertainty_correct": 0.9998084902763367, "adversarial_uncertainty_incorrect": 0.9999150037765503, "supervised_acc": 85.65705128205128, "adversarial_filtered_semi_supervised_acc": NaN, "adversarial_unfilted_semi_supervised_acc": 26.211939102564102, "semi_supervised_acc": 97.55911517925247, "timestamp": 1512939863.673465, "previous_chkpt": "/home/ubuntu/ORIE6741_bayesgan/results/adv_test_only_2/model_600"}