{"disc_loss": 0.75627201795578, "gen_losses": [1.8810184001922607, 1.9042026996612549, 1.4863239526748657, 1.4750416278839111, 2.1321322917938232, 1.4321131706237793, 3.146401882171631, 1.2505358457565308, 1.228234887123108, 1.4088534116744995, 1.9129506349563599, 1.6874064207077026, 1.7330596446990967, 1.616612195968628, 2.3216171264648438, 1.928948163986206, 1.6887879371643066, 1.9830175638198853, 1.7470228672027588, 1.6603209972381592], "non_adversarial_classification_accuracy": 0.35827323717948717, "adversarial_classification_accuracy": 0.0, "adversarial_uncertainty_correct": 1.0, "adversarial_uncertainty_incorrect": 1.0, "supervised_acc": 93.6298076923077, "adversarial_filtered_semi_supervised_acc": NaN, "adversarial_unfilted_semi_supervised_acc": 23.06690705128205, "semi_supervised_acc": 98.90970086664802, "timestamp": 1512954394.0504115, "previous_chkpt": "/home/ubuntu/ORIE6741_bayesgan/results/adv_test_only_2/model_3000"}