{"disc_loss": 0.8124366998672485, "gen_losses": [1.4178695678710938, 1.9879084825515747, 1.1288714408874512, 1.2905075550079346, 1.6499770879745483, 1.7284917831420898, 2.6303153038024902, 0.937272846698761, 1.452135443687439, 0.8861680030822754, 1.1751288175582886, 1.387858510017395, 1.7438275814056396, 1.2986677885055542, 1.318052053451538, 1.353127121925354, 1.5162307024002075, 1.4115017652511597, 1.3767117261886597, 1.3201626539230347], "non_adversarial_classification_accuracy": 0.37650240384615385, "adversarial_classification_accuracy": 0.0, "adversarial_uncertainty_correct": 0.9999964833259583, "adversarial_uncertainty_incorrect": 0.9999978542327881, "supervised_acc": 91.12580128205128, "adversarial_filtered_semi_supervised_acc": NaN, "adversarial_unfilted_semi_supervised_acc": 20.322516025641026, "semi_supervised_acc": 97.84517158818835, "timestamp": 1512944976.0077026, "previous_chkpt": "/home/ubuntu/ORIE6741_bayesgan/results/adv_test_only_2/model_1400"}