{"disc_loss": 0.7989515066146851, "gen_losses": [2.042783260345459, 2.388439178466797, 2.22438383102417, 2.166074752807617, 2.9884207248687744, 3.3233144283294678, 3.5004866123199463, 1.5077992677688599, 1.9034510850906372, 2.035806179046631, 2.1273672580718994, 2.1020779609680176, 2.720853090286255, 2.3758671283721924, 1.9761453866958618, 2.087282180786133, 1.6250061988830566, 1.8908474445343018, 1.9240275621414185, 2.5340640544891357], "non_adversarial_classification_accuracy": 0.2164463141025641, "adversarial_classification_accuracy": 0.0, "adversarial_uncertainty_correct": 1.0, "adversarial_uncertainty_incorrect": 1.0, "supervised_acc": 93.64983974358974, "adversarial_filtered_semi_supervised_acc": NaN, "adversarial_unfilted_semi_supervised_acc": 25.921474358974358, "semi_supervised_acc": 99.074502545118, "timestamp": 1512953971.6704087, "previous_chkpt": "/home/ubuntu/ORIE6741_bayesgan/results/adv_test_only_2/model_3000"}