{"disc_loss": 1.1832438707351685, "gen_losses": [0.66928631067276, 0.9063557386398315, 0.6578950881958008, 0.634774386882782, 0.8122467398643494, 0.8129357695579529, 1.322645664215088, 0.49385422468185425, 0.6446863412857056, 0.4773482382297516, 0.7772719264030457, 0.7384002804756165, 0.7943333387374878, 0.6508530378341675, 0.7542575001716614, 0.8502673506736755, 0.7545497417449951, 0.8273653388023376, 0.4951539933681488, 0.9085474610328674], "non_adversarial_classification_accuracy": 0.7421875, "adversarial_classification_accuracy": 0.0, "adversarial_uncertainty_correct": 0.9999997615814209, "adversarial_uncertainty_incorrect": 0.9999999403953552, "supervised_acc": 93.91025641025641, "adversarial_filtered_semi_supervised_acc": NaN, "adversarial_unfilted_semi_supervised_acc": 22.806490384615383, "semi_supervised_acc": 97.97570850202429, "timestamp": 1512955139.552321, "previous_chkpt": "/home/ubuntu/ORIE6741_bayesgan/results/adv_test_only_2/model_3200"}