{"disc_loss": 0.9783181548118591, "gen_losses": [1.0548372268676758, 1.3517173528671265, 1.4848889112472534, 1.0237818956375122, 1.547951102256775, 1.923281192779541, 2.234388828277588, 1.2262197732925415, 1.111033320426941, 1.272404432296753, 1.1792415380477905, 0.993831217288971, 1.5831282138824463, 1.0958677530288696, 1.1541656255722046, 1.4045851230621338, 1.2478773593902588, 1.6654876470565796, 1.7273080348968506, 1.0563101768493652], "non_adversarial_classification_accuracy": 0.47265625, "adversarial_classification_accuracy": 0.0, "adversarial_uncertainty_correct": 0.9999948143959045, "adversarial_uncertainty_incorrect": 0.9999964833259583, "supervised_acc": 89.83373397435898, "adversarial_filtered_semi_supervised_acc": NaN, "adversarial_unfilted_semi_supervised_acc": 27.223557692307693, "semi_supervised_acc": 98.53782581055309, "timestamp": 1512943386.7436616, "previous_chkpt": "/home/ubuntu/ORIE6741_bayesgan/results/adv_test_only_2/model_1200"}