{"disc_loss": 2.179922103881836, "gen_losses": [0.589665412902832, 0.4790816903114319, 0.5077080130577087, 0.8746857047080994, 0.7138862609863281, 0.5252474546432495, 1.0013911724090576, 0.3819107413291931, 0.528013288974762, 0.7475569248199463, 0.47844210267066956, 0.5552807450294495, 0.6640477180480957, 0.680756151676178, 0.6556671857833862, 0.6814199090003967, 0.2589491009712219, 0.5945342183113098, 0.3456243574619293, 0.45647355914115906], "non_adversarial_classification_accuracy": 0.9262820512820513, "adversarial_classification_accuracy": 0.45422676282051283, "adversarial_uncertainty_correct": 0.4175199270248413, "adversarial_uncertainty_incorrect": 0.6747479438781738, "supervised_acc": 78.66586538461539, "adversarial_filtered_semi_supervised_acc": 84.01323042998898, "adversarial_unfilted_semi_supervised_acc": 68.53966346153847, "semi_supervised_acc": 87.39186851211073, "timestamp": 1512936374.2578328, "previous_chkpt": ""}