{"disc_loss": 0.9805788397789001, "gen_losses": [0.9807804226875305, 2.02675199508667, 1.7246078252792358, 1.6380150318145752, 1.5832222700119019, 1.8897761106491089, 2.4575319290161133, 1.2593201398849487, 1.302424430847168, 1.4341671466827393, 1.264573335647583, 1.5802357196807861, 1.5493924617767334, 0.9184367656707764, 1.2409098148345947, 1.4032840728759766, 1.6228301525115967, 1.4931352138519287, 1.6709299087524414, 1.4402369260787964], "non_adversarial_classification_accuracy": 0.39443108974358976, "adversarial_classification_accuracy": 0.0, "adversarial_uncertainty_correct": 0.9999962449073792, "adversarial_uncertainty_incorrect": 0.9999972581863403, "supervised_acc": 90.00400641025641, "adversarial_filtered_semi_supervised_acc": NaN, "adversarial_unfilted_semi_supervised_acc": 24.81971153846154, "semi_supervised_acc": 98.67953275774505, "timestamp": 1512943809.7029095, "previous_chkpt": "/home/ubuntu/ORIE6741_bayesgan/results/adv_test_only_2/model_1200"}