{"disc_loss": 0.9926196336746216, "gen_losses": [1.0844208002090454, 1.5120635032653809, 1.186118721961975, 0.8752954602241516, 1.0473791360855103, 1.5383245944976807, 2.229724884033203, 0.9197962880134583, 1.099569320678711, 1.3043471574783325, 1.2134917974472046, 0.8193235397338867, 1.3585896492004395, 1.1639026403427124, 1.2366235256195068, 1.3103322982788086, 0.9790067076683044, 1.2006404399871826, 0.9432553052902222, 1.132084608078003], "non_adversarial_classification_accuracy": 0.5026041666666666, "adversarial_classification_accuracy": 0.0, "adversarial_uncertainty_correct": 0.9999917149543762, "adversarial_uncertainty_incorrect": 0.999994695186615, "supervised_acc": 90.59495192307692, "adversarial_filtered_semi_supervised_acc": NaN, "adversarial_unfilted_semi_supervised_acc": 20.643028846153847, "semi_supervised_acc": 98.32602630530091, "timestamp": 1512942641.3278284, "previous_chkpt": "/home/ubuntu/ORIE6741_bayesgan/results/adv_test_only_2/model_1000"}