{"disc_loss": 1.0487585067749023, "gen_losses": [1.288364052772522, 1.059983730316162, 0.9830302000045776, 1.1544806957244873, 1.2075275182724, 1.5211201906204224, 1.7658662796020508, 0.7277942895889282, 1.0617806911468506, 0.9182257056236267, 1.165009617805481, 1.0422364473342896, 1.5057703256607056, 0.9542327523231506, 1.3414276838302612, 1.171591877937317, 1.1289945840835571, 1.125924825668335, 1.4823174476623535, 1.389613389968872], "non_adversarial_classification_accuracy": 0.5078125, "adversarial_classification_accuracy": 0.0, "adversarial_uncertainty_correct": 0.9996544718742371, "adversarial_uncertainty_incorrect": 0.9997812509536743, "supervised_acc": 84.85576923076923, "adversarial_filtered_semi_supervised_acc": NaN, "adversarial_unfilted_semi_supervised_acc": 45.94350961538461, "semi_supervised_acc": 96.92307692307692, "timestamp": 1512939113.6520424, "previous_chkpt": "/home/ubuntu/ORIE6741_bayesgan/results/adv_test_only_2/model_400"}