{"disc_loss": 1.7788326740264893, "gen_losses": [2.047823905944824, 2.474639892578125, 2.1129696369171143, 2.128009557723999, 2.349682331085205, 2.2452504634857178, 2.3727359771728516, 1.9331576824188232, 1.8236180543899536, 2.2654612064361572, 1.7416229248046875, 2.1006529331207275, 2.497225046157837, 2.219022035598755, 2.0088446140289307, 1.7833877801895142, 2.0006964206695557, 2.3609516620635986, 2.385817050933838, 2.1811249256134033], "non_adversarial_classification_accuracy": 0.16215945512820512, "adversarial_classification_accuracy": 0.009815705128205128, "adversarial_uncertainty_correct": 0.903821587562561, "adversarial_uncertainty_incorrect": 0.9130129218101501, "supervised_acc": 78.92628205128206, "adversarial_filtered_semi_supervised_acc": 79.59183673469387, "adversarial_unfilted_semi_supervised_acc": 79.51722756410257, "semi_supervised_acc": 95.49104385423101, "timestamp": 1512936796.031146, "previous_chkpt": ""}