{"disc_loss": 1.0682570934295654, "gen_losses": [1.74789559841156, 1.6100749969482422, 1.2441824674606323, 1.593054175376892, 1.6444679498672485, 1.8252055644989014, 2.1263632774353027, 1.3645179271697998, 1.472930908203125, 1.3256871700286865, 1.2653136253356934, 1.5268783569335938, 1.665297031402588, 1.7929586172103882, 1.4466273784637451, 1.4110521078109741, 1.3687037229537964, 1.537298321723938, 1.7736831903457642, 1.3112597465515137], "non_adversarial_classification_accuracy": 0.3132011217948718, "adversarial_classification_accuracy": 0.0, "adversarial_uncertainty_correct": 0.9989939332008362, "adversarial_uncertainty_incorrect": 0.9995043873786926, "supervised_acc": 84.78565705128206, "adversarial_filtered_semi_supervised_acc": NaN, "adversarial_unfilted_semi_supervised_acc": 52.09334935897436, "semi_supervised_acc": 98.04924848097218, "timestamp": 1512938690.1282194, "previous_chkpt": "/home/ubuntu/ORIE6741_bayesgan/results/adv_test_only_2/model_400"}