{"disc_loss": 0.9326530694961548, "gen_losses": [1.0812265872955322, 1.7446433305740356, 1.6770902872085571, 1.5597597360610962, 1.5583077669143677, 2.2073960304260254, 2.526045322418213, 1.766922116279602, 1.3807928562164307, 2.0223655700683594, 1.4181528091430664, 1.7306965589523315, 1.5521762371063232, 1.2197015285491943, 1.5880012512207031, 1.6928664445877075, 1.3227676153182983, 1.8665757179260254, 1.816070318222046, 1.7541033029556274], "non_adversarial_classification_accuracy": 0.3180088141025641, "adversarial_classification_accuracy": 0.0, "adversarial_uncertainty_correct": 0.9999973177909851, "adversarial_uncertainty_incorrect": 0.9999985694885254, "supervised_acc": 90.92548076923077, "adversarial_filtered_semi_supervised_acc": NaN, "adversarial_unfilted_semi_supervised_acc": 29.377003205128204, "semi_supervised_acc": 98.96062992125984, "timestamp": 1512946905.637025, "previous_chkpt": "/home/ubuntu/ORIE6741_bayesgan/results/adv_test_only_2/model_1800"}