{"disc_loss": 0.8982222676277161, "gen_losses": [0.5883911848068237, 1.4193859100341797, 1.1628819704055786, 1.1432145833969116, 1.0098052024841309, 1.3628246784210205, 2.00217342376709, 0.6420615315437317, 0.8586248755455017, 0.7023024559020996, 0.933471143245697, 1.1391160488128662, 1.306963562965393, 0.7918909192085266, 1.0885881185531616, 1.0118802785873413, 0.8972194790840149, 1.1582396030426025, 1.2432823181152344, 0.9870924949645996], "non_adversarial_classification_accuracy": 0.5590945512820513, "adversarial_classification_accuracy": 0.0, "adversarial_uncertainty_correct": 0.999995768070221, "adversarial_uncertainty_incorrect": 0.9999974370002747, "supervised_acc": 90.88541666666667, "adversarial_filtered_semi_supervised_acc": NaN, "adversarial_unfilted_semi_supervised_acc": 20.302483974358974, "semi_supervised_acc": 98.17269795772124, "timestamp": 1512944553.0491753, "previous_chkpt": "/home/ubuntu/ORIE6741_bayesgan/results/adv_test_only_2/model_1400"}