{"disc_loss": 0.944258987903595, "gen_losses": [1.3014646768569946, 1.358696699142456, 1.1218878030776978, 1.101927399635315, 1.313002586364746, 1.30250883102417, 2.3024096488952637, 0.6900838613510132, 1.1979283094406128, 1.1589601039886475, 1.201181411743164, 1.176411747932434, 1.2086777687072754, 1.1162455081939697, 1.228735089302063, 1.5597740411758423, 1.5716822147369385, 1.2836604118347168, 1.2904478311538696, 1.4015872478485107], "non_adversarial_classification_accuracy": 0.5044070512820513, "adversarial_classification_accuracy": 0.0, "adversarial_uncertainty_correct": 1.0, "adversarial_uncertainty_incorrect": 1.0, "supervised_acc": 92.20753205128206, "adversarial_filtered_semi_supervised_acc": NaN, "adversarial_unfilted_semi_supervised_acc": 21.734775641025642, "semi_supervised_acc": 98.41143764892772, "timestamp": 1512953217.560441, "previous_chkpt": "/home/ubuntu/ORIE6741_bayesgan/results/adv_test_only_2/model_2800"}