{"disc_loss": 0.8761681318283081, "gen_losses": [1.2297123670578003, 2.3500845432281494, 1.623476505279541, 1.2606254816055298, 1.7146881818771362, 2.0847859382629395, 2.7138864994049072, 1.4266927242279053, 1.1567610502243042, 1.1853883266448975, 1.4491790533065796, 1.5774526596069336, 2.3999252319335938, 1.6660244464874268, 1.4560494422912598, 2.056340456008911, 1.8205193281173706, 2.1430130004882812, 1.7230088710784912, 2.176013231277466], "non_adversarial_classification_accuracy": 0.35877403846153844, "adversarial_classification_accuracy": 0.0, "adversarial_uncertainty_correct": 0.999998927116394, "adversarial_uncertainty_incorrect": 0.999999463558197, "supervised_acc": 91.50641025641026, "adversarial_filtered_semi_supervised_acc": NaN, "adversarial_unfilted_semi_supervised_acc": 25.220352564102566, "semi_supervised_acc": 98.7716359575656, "timestamp": 1512948504.3825717, "previous_chkpt": "/home/ubuntu/ORIE6741_bayesgan/results/adv_test_only_2/model_2000"}