{"disc_loss": 1.6071703433990479, "gen_losses": [0.9701452255249023, 0.5875575542449951, 1.0447492599487305, 0.7494633793830872, 0.49120602011680603, 0.31217414140701294, 0.4978404641151428, 0.7044660449028015, 0.9885292053222656, 1.0313496589660645, 0.837282121181488, 0.9112344980239868, 1.2398109436035156, 0.5484831929206848, 0.858809769153595, 0.6114366054534912, 0.6543627381324768, 0.6903921961784363, 1.0237176418304443, 0.30544769763946533], "non_adversarial_classification_accuracy": 0.8744991987179487, "adversarial_classification_accuracy": 0.40645032051282054, "adversarial_uncertainty_correct": 0.4742591679096222, "adversarial_uncertainty_incorrect": 0.6330556869506836, "supervised_acc": 77.34375, "adversarial_filtered_semi_supervised_acc": 78.28979793001479, "adversarial_unfilted_semi_supervised_acc": 65.13421474358974, "semi_supervised_acc": 86.95452983621578, "timestamp": 1511321250.9830692, "previous_chkpt": ""}