{"disc_loss": 2.181304931640625, "gen_losses": [1.7917793989181519, 1.4658750295639038, 3.929871082305908, 1.7930246591567993, 1.7235169410705566, 1.9256449937820435, 3.144359588623047, 1.7289226055145264, 1.0561672449111938, 1.7118185758590698, 1.3362228870391846, 1.5694061517715454, 1.6216254234313965, 1.1459850072860718, 1.573125958442688, 2.046326160430908, 2.074906587600708, 2.1952481269836426, 2.8865153789520264, 1.4927523136138916], "non_adversarial_classification_accuracy": 0.8061899038461539, "adversarial_classification_accuracy": 0.7612179487179487, "adversarial_uncertainty_correct": 0.21488730609416962, "adversarial_uncertainty_incorrect": 0.26232782006263733, "supervised_acc": 77.28365384615384, "adversarial_filtered_semi_supervised_acc": 59.88157894736842, "adversarial_unfilted_semi_supervised_acc": 57.54206730769231, "semi_supervised_acc": 79.52540688284259, "timestamp": 1511320862.7262864, "previous_chkpt": ""}