{"disc_loss": 1.3667722940444946, "gen_losses": [1.779873251914978, 2.0384013652801514, 2.5346295833587646, 2.195202589035034, 1.66554594039917, 1.8183077573776245, 1.9867701530456543, 1.6240333318710327, 1.0298099517822266, 1.5632023811340332, 1.9721684455871582, 2.0854504108428955, 1.8359490633010864, 1.3654383420944214, 1.860640048980713, 1.5576071739196777, 1.5435932874679565, 1.9066932201385498, 1.8134891986846924, 1.4334673881530762], "non_adversarial_classification_accuracy": 0.42357772435897434, "adversarial_classification_accuracy": 0.03375400641025641, "adversarial_uncertainty_correct": 0.8774388432502747, "adversarial_uncertainty_incorrect": 0.9357974529266357, "supervised_acc": 77.48397435897436, "adversarial_filtered_semi_supervised_acc": 99.10979228486647, "adversarial_unfilted_semi_supervised_acc": 80.5488782051282, "semi_supervised_acc": 95.31804209032869, "timestamp": 1511321574.1509078, "previous_chkpt": ""}