{"disc_loss": 3.149794816970825, "gen_losses": [0.15233822166919708, 0.16817282140254974, 0.021756203845143318, 0.05059218406677246, 0.03207425773143768, 0.04141134396195412, 0.47453397512435913, 0.02170286700129509, 0.10009073466062546, 0.1300388127565384, 0.1383194774389267, 0.39261019229888916, 0.47019341588020325, 0.06226880103349686, 0.05218508467078209, 0.03452984243631363, 0.1649627834558487, 0.10415314882993698, 0.5378772020339966, 0.2247491478919983], "non_adversarial_classification_accuracy": 0.9970953525641025, "adversarial_classification_accuracy": 0.9497195512820513, "adversarial_uncertainty_correct": 0.041071925312280655, "adversarial_uncertainty_incorrect": 0.12166021764278412, "supervised_acc": 77.3036858974359, "adversarial_filtered_semi_supervised_acc": 63.68909512761021, "adversarial_unfilted_semi_supervised_acc": 61.86899038461539, "semi_supervised_acc": 81.19537920642892, "timestamp": 1511321056.520893, "previous_chkpt": ""}