{"disc_loss": 1.5650478601455688, "gen_losses": [5.204035758972168, 3.966177463531494, 3.894162178039551, 4.763387203216553, 3.1772191524505615, 4.214572906494141, 4.96772575378418, 3.5367605686187744, 3.1508355140686035, 5.543948173522949, 4.297296047210693, 4.731334686279297, 6.4845871925354, 3.2558910846710205, 4.626877307891846, 3.479632616043091, 2.9971141815185547, 5.376739978790283, 4.840110778808594, 4.2099480628967285], "non_adversarial_classification_accuracy": 0.4014423076923077, "adversarial_classification_accuracy": 0.016826923076923076, "adversarial_uncertainty_correct": 0.9362549185752869, "adversarial_uncertainty_incorrect": 0.9401360154151917, "supervised_acc": 77.28365384615384, "adversarial_filtered_semi_supervised_acc": 67.85714285714286, "adversarial_unfilted_semi_supervised_acc": 74.86979166666667, "semi_supervised_acc": 94.28642714570859, "timestamp": 1511320928.9917724, "previous_chkpt": ""}