{"disc_loss": 1.2664259672164917, "gen_losses": [2.5700154304504395, 2.552917242050171, 0.8217065334320068, 1.2670369148254395, 1.447495460510254, 1.6898273229599, 1.6707338094711304, 1.1144341230392456, 0.9630138278007507, 1.4928799867630005, 2.1992154121398926, 1.9320783615112305, 2.460376739501953, 1.4235739707946777, 1.5940483808517456, 1.293480396270752, 1.2743648290634155, 1.0523617267608643, 3.028416156768799, 1.463088870048523], "non_adversarial_classification_accuracy": 0.8569711538461539, "adversarial_classification_accuracy": 0.3223157051282051, "adversarial_uncertainty_correct": 0.5268635153770447, "adversarial_uncertainty_incorrect": 0.7515031695365906, "supervised_acc": 77.2636217948718, "adversarial_filtered_semi_supervised_acc": 79.24176507147297, "adversarial_unfilted_semi_supervised_acc": 58.333333333333336, "semi_supervised_acc": 81.51005142589996, "timestamp": 1511320992.596375, "previous_chkpt": ""}