{"disc_loss": 1.4704854488372803, "gen_losses": [0.8750929236412048, 1.386837363243103, 0.39230918884277344, 0.7635502219200134, 0.21234560012817383, 0.7446624040603638, 0.719338059425354, 0.4579921364784241, 0.6343442797660828, 0.7517001032829285, 0.28342077136039734, 0.8867212533950806, 1.017993450164795, 0.3755505383014679, 0.7934308648109436, 0.24697904288768768, 0.6084889769554138, 0.6757234334945679, 0.9500775933265686, 0.5253975987434387], "non_adversarial_classification_accuracy": 0.9182692307692307, "adversarial_classification_accuracy": 0.3046875, "adversarial_uncertainty_correct": 0.5722101330757141, "adversarial_uncertainty_incorrect": 0.7434760928153992, "supervised_acc": 77.35376602564102, "adversarial_filtered_semi_supervised_acc": 84.71400394477318, "adversarial_unfilted_semi_supervised_acc": 65.95552884615384, "semi_supervised_acc": 88.23080279232111, "timestamp": 1511321187.363935, "previous_chkpt": ""}