{"disc_loss": 1.458766222000122, "gen_losses": [0.8153067827224731, 1.3139727115631104, 0.9712122678756714, 1.4328274726867676, 0.6882952451705933, 1.3856313228607178, 1.3837264776229858, 1.1362919807434082, 0.9601309895515442, 0.9564048051834106, 1.1629894971847534, 1.094946026802063, 1.3060665130615234, 0.788724422454834, 1.3203002214431763, 0.7732022404670715, 1.3871132135391235, 1.154970407485962, 1.4297205209732056, 0.8588087558746338], "non_adversarial_classification_accuracy": 0.7700320512820513, "adversarial_classification_accuracy": 0.061899038461538464, "adversarial_uncertainty_correct": 0.8454796075820923, "adversarial_uncertainty_incorrect": 0.9335296154022217, "supervised_acc": 77.4639423076923, "adversarial_filtered_semi_supervised_acc": 98.2200647249191, "adversarial_unfilted_semi_supervised_acc": 70.13221153846153, "semi_supervised_acc": 94.38085327783558, "timestamp": 1511321444.6061769, "previous_chkpt": ""}