{"disc_loss": 2.284916639328003, "gen_losses": [0.8949089050292969, 1.8262025117874146, 0.6818393468856812, 1.2275543212890625, 1.0065081119537354, 0.9756239652633667, 2.4277889728546143, 1.3104833364486694, 0.7615458369255066, 0.8111529350280762, 1.908573031425476, 1.0559755563735962, 1.1487864255905151, 1.0943386554718018, 1.5378012657165527, 0.7745960354804993, 1.0373495817184448, 1.5046656131744385, 1.6012256145477295, 1.247158408164978], "non_adversarial_classification_accuracy": 0.9270833333333334, "adversarial_classification_accuracy": 0.39513221153846156, "adversarial_uncertainty_correct": 0.3475315570831299, "adversarial_uncertainty_incorrect": 0.47504720091819763, "supervised_acc": 76.86298076923077, "adversarial_filtered_semi_supervised_acc": 63.57414448669201, "adversarial_unfilted_semi_supervised_acc": 46.203926282051285, "semi_supervised_acc": 59.39930855661193, "timestamp": 1511320735.4046817, "previous_chkpt": ""}