{"disc_loss": 1.476091742515564, "gen_losses": [1.4399932622909546, 1.768616795539856, 1.3652691841125488, 1.5587998628616333, 1.0303480625152588, 1.3276724815368652, 1.887918472290039, 1.4304176568984985, 0.9123836159706116, 1.5064467191696167, 1.1597970724105835, 1.926198124885559, 2.112536668777466, 1.4749947786331177, 1.3093713521957397, 0.95305335521698, 2.0061488151550293, 1.5547367334365845, 1.8140755891799927, 1.0667871236801147], "non_adversarial_classification_accuracy": 0.6194911858974359, "adversarial_classification_accuracy": 0.031650641025641024, "adversarial_uncertainty_correct": 0.909775972366333, "adversarial_uncertainty_incorrect": 0.9387189745903015, "supervised_acc": 77.43389423076923, "adversarial_filtered_semi_supervised_acc": 93.35443037974683, "adversarial_unfilted_semi_supervised_acc": 73.5576923076923, "semi_supervised_acc": 94.64834276475344, "timestamp": 1511321510.5516777, "previous_chkpt": ""}