{"disc_loss": 5.92420768737793, "gen_losses": [2.2050726413726807, 3.6998913288116455, 2.174938201904297, 1.6098240613937378, 2.793351888656616, 2.427452325820923, 1.2985180616378784, 2.304412364959717, 2.10015869140625, 1.9315886497497559, 2.952381134033203, 2.7603940963745117, 2.6761279106140137, 2.1143486499786377, 3.1075117588043213, 1.5878924131393433, 2.6815552711486816, 2.6256284713745117, 2.462446689605713, 3.1968894004821777], "non_adversarial_classification_accuracy": 0.390625, "adversarial_classification_accuracy": 0.0, "adversarial_uncertainty_correct": 0.7828213572502136, "adversarial_uncertainty_incorrect": 0.787516713142395, "supervised_acc": 76.14182692307692, "adversarial_filtered_semi_supervised_acc": NaN, "adversarial_unfilted_semi_supervised_acc": 18.479567307692307, "semi_supervised_acc": 48.23076923076923, "timestamp": 1511320671.8072577, "previous_chkpt": ""}