{"disc_loss": 1.7003509998321533, "gen_losses": [0.6916057467460632, 1.947391152381897, 1.5484341382980347, 1.2925058603286743, 0.7969756722450256, 1.0760267972946167, 1.7222239971160889, 1.045636534690857, 1.061030387878418, 1.097749948501587, 0.9314927458763123, 1.7933804988861084, 1.730065941810608, 1.0831087827682495, 1.3366392850875854, 1.1420620679855347, 1.5550144910812378, 1.094566822052002, 1.7996768951416016, 0.885614275932312], "non_adversarial_classification_accuracy": 0.6783854166666666, "adversarial_classification_accuracy": 0.12600160256410256, "adversarial_uncertainty_correct": 0.7732632160186768, "adversarial_uncertainty_incorrect": 0.9002332091331482, "supervised_acc": 77.3838141025641, "adversarial_filtered_semi_supervised_acc": 96.02543720190779, "adversarial_unfilted_semi_supervised_acc": 72.6161858974359, "semi_supervised_acc": 95.36394507603721, "timestamp": 1511321381.0606115, "previous_chkpt": ""}