{"disc_loss": 1.2448015213012695, "gen_losses": [0.7995807528495789, 1.6471610069274902, 0.8444882035255432, 1.1346484422683716, 0.5957139134407043, 1.1614623069763184, 1.835587501525879, 0.9782145023345947, 1.2296279668807983, 1.0448511838912964, 1.2784215211868286, 2.2075910568237305, 1.6586085557937622, 1.0729382038116455, 2.0343830585479736, 0.6160759329795837, 0.9355495572090149, 0.9366432428359985, 1.7737280130386353, 0.9238138198852539], "non_adversarial_classification_accuracy": 0.7582131410256411, "adversarial_classification_accuracy": 0.14342948717948717, "adversarial_uncertainty_correct": 0.7673403024673462, "adversarial_uncertainty_incorrect": 0.9275339245796204, "supervised_acc": 77.37379807692308, "adversarial_filtered_semi_supervised_acc": 96.29888268156425, "adversarial_unfilted_semi_supervised_acc": 71.62459935897436, "semi_supervised_acc": 94.16116248348744, "timestamp": 1511321317.2358925, "previous_chkpt": ""}