{"disc_loss": 1.310654640197754, "gen_losses": [0.9115054607391357, 2.1308653354644775, 1.1511256694793701, 0.9786111116409302, 1.204977035522461, 2.460763454437256, 1.1706976890563965, 1.558508038520813, 1.2432246208190918, 2.296963930130005, 1.5325666666030884, 2.1172564029693604, 1.8250983953475952, 2.690950870513916, 2.2681376934051514, 1.2011488676071167, 1.524126648902893, 1.7011065483093262, 1.4352364540100098, 1.7171554565429688], "non_adversarial_classification_accuracy": 0.8335336538461539, "adversarial_classification_accuracy": 0.1148838141025641, "adversarial_uncertainty_correct": 0.7292957305908203, "adversarial_uncertainty_incorrect": 0.8504168391227722, "supervised_acc": 77.15344551282051, "adversarial_filtered_semi_supervised_acc": 85.00435919790759, "adversarial_unfilted_semi_supervised_acc": 50.97155448717949, "semi_supervised_acc": 83.69382360009612, "timestamp": 1511320799.2529347, "previous_chkpt": ""}