{"disc_loss": 1.541985273361206, "gen_losses": [1.0168566703796387, 1.25714111328125, 1.2799904346466064, 0.7562739849090576, 0.48601841926574707, 1.0196727514266968, 1.7697633504867554, 0.9376063346862793, 0.7268304824829102, 0.8802325129508972, 0.7613435983657837, 1.3791924715042114, 1.9966262578964233, 0.9957322478294373, 0.8230211138725281, 0.9976066946983337, 1.4890227317810059, 0.9950329065322876, 1.0496240854263306, 1.3845561742782593], "non_adversarial_classification_accuracy": 0.8385416666666666, "adversarial_classification_accuracy": 0.24018429487179488, "adversarial_uncertainty_correct": 0.613241970539093, "adversarial_uncertainty_incorrect": 0.7846566438674927, "supervised_acc": 77.31370192307692, "adversarial_filtered_semi_supervised_acc": 89.99165971643036, "adversarial_unfilted_semi_supervised_acc": 65.86538461538461, "semi_supervised_acc": 88.61681796464406, "timestamp": 1511321123.1634877, "previous_chkpt": ""}