{"disc_loss": 0.880226194858551, "gen_losses": [0.6692243814468384, 0.764891505241394, 1.0039925575256348, 0.7388150095939636, 0.811339795589447, 0.7288025617599487, 0.7992473840713501, 0.6694061160087585, 1.0107207298278809, 0.7740663886070251, 0.6860056519508362, 0.8256762623786926, 0.7393854260444641, 1.1205418109893799, 0.6570122241973877, 1.0057857036590576, 0.7037404179573059, 2.949883460998535, 0.6929149031639099, 0.6004894971847534], "non_adversarial_classification_accuracy": 0.7233573717948718, "adversarial_classification_accuracy": 0.0, "adversarial_uncertainty_correct": 0.9999995231628418, "adversarial_uncertainty_incorrect": 0.9999998807907104, "supervised_acc": 91.73677884615384, "adversarial_filtered_semi_supervised_acc": NaN, "adversarial_unfilted_semi_supervised_acc": 21.454326923076923, "semi_supervised_acc": 98.50456937136528, "timestamp": 1511249821.330175, "previous_chkpt": "/home/ubuntu/ORIE6741_bayesgan/results/adv_train_only/model_1400"}