{"disc_loss": 0.9855035543441772, "gen_losses": [1.954912781715393, 1.6720247268676758, 1.9757150411605835, 1.9631685018539429, 1.4678229093551636, 1.916778326034546, 1.9442285299301147, 1.62198805809021, 1.8611241579055786, 1.783683180809021, 1.8917412757873535, 1.6925830841064453, 1.9565192461013794, 2.555304765701294, 2.179821491241455, 2.667874574661255, 2.045616626739502, 4.237568378448486, 1.8739700317382812, 1.5698250532150269], "non_adversarial_classification_accuracy": 0.2881610576923077, "adversarial_classification_accuracy": 0.0, "adversarial_uncertainty_correct": 0.9999998807907104, "adversarial_uncertainty_incorrect": 1.0, "supervised_acc": 91.796875, "adversarial_filtered_semi_supervised_acc": NaN, "adversarial_unfilted_semi_supervised_acc": 34.55528846153846, "semi_supervised_acc": 99.20055613486271, "timestamp": 1511251808.7727997, "previous_chkpt": "/home/ubuntu/ORIE6741_bayesgan/results/adv_train_only/model_1600"}