{"disc_loss": 1.130309820175171, "gen_losses": [1.4993855953216553, 2.1377761363983154, 1.753525733947754, 1.849051594734192, 1.7418725490570068, 1.8309513330459595, 1.9304652214050293, 1.481631875038147, 1.828803539276123, 1.5374029874801636, 1.3704586029052734, 2.6901063919067383, 1.5156043767929077, 3.5431149005889893, 1.8929301500320435, 1.1186126470565796, 2.3464584350585938, 3.367184638977051, 1.1336976289749146, 0.9462786912918091], "non_adversarial_classification_accuracy": 0.7769431089743589, "adversarial_classification_accuracy": 0.11748798076923077, "adversarial_uncertainty_correct": 0.7766828536987305, "adversarial_uncertainty_incorrect": 0.906506359577179, "supervised_acc": 78.23517628205128, "adversarial_filtered_semi_supervised_acc": 89.769820971867, "adversarial_unfilted_semi_supervised_acc": 62.84054487179487, "semi_supervised_acc": 91.95565295861802, "timestamp": 1511236206.707378, "previous_chkpt": ""}