{"disc_loss": 0.9420873522758484, "gen_losses": [0.9095081686973572, 1.2812970876693726, 0.9588366746902466, 0.9690115451812744, 0.7952812910079956, 0.8498433232307434, 1.1185784339904785, 0.8661720752716064, 1.0079113245010376, 1.5862116813659668, 1.2960119247436523, 0.8615119457244873, 0.8143143057823181, 1.9194777011871338, 1.0782668590545654, 1.0341304540634155, 1.1961573362350464, 3.2334556579589844, 0.6863205432891846, 0.8416734337806702], "non_adversarial_classification_accuracy": 0.5971554487179487, "adversarial_classification_accuracy": 0.0, "adversarial_uncertainty_correct": 0.9999884963035583, "adversarial_uncertainty_incorrect": 0.9999958276748657, "supervised_acc": 88.35136217948718, "adversarial_filtered_semi_supervised_acc": NaN, "adversarial_unfilted_semi_supervised_acc": 28.896233974358974, "semi_supervised_acc": 97.66856759476686, "timestamp": 1511241140.829194, "previous_chkpt": "/home/ubuntu/ORIE6741_bayesgan/results/adv_train_only/model_600"}