{"disc_loss": 0.90836101770401, "gen_losses": [1.2327187061309814, 1.7154728174209595, 1.4958988428115845, 1.5274021625518799, 1.3255174160003662, 1.5233154296875, 1.3788371086120605, 1.2203892469406128, 1.3983041048049927, 1.50570547580719, 1.5014009475708008, 1.4648700952529907, 1.5474576950073242, 2.121273994445801, 1.7775774002075195, 1.3475062847137451, 1.3955316543579102, 4.584958076477051, 1.1375330686569214, 1.4971503019332886], "non_adversarial_classification_accuracy": 0.430088141025641, "adversarial_classification_accuracy": 0.0, "adversarial_uncertainty_correct": 0.9999966621398926, "adversarial_uncertainty_incorrect": 0.999998927116394, "supervised_acc": 88.99238782051282, "adversarial_filtered_semi_supervised_acc": NaN, "adversarial_unfilted_semi_supervised_acc": 27.934695512820515, "semi_supervised_acc": 98.34653004191895, "timestamp": 1511242484.8473766, "previous_chkpt": "/home/ubuntu/ORIE6741_bayesgan/results/adv_train_only/model_800"}