{"disc_loss": 0.7418103814125061, "gen_losses": [1.7848126888275146, 2.000530958175659, 1.7731249332427979, 2.0667924880981445, 1.3352211713790894, 1.709251046180725, 1.6857597827911377, 1.3076752424240112, 1.8635772466659546, 1.6677266359329224, 1.1371906995773315, 1.2792528867721558, 1.442464828491211, 1.6028010845184326, 1.6338441371917725, 1.4249471426010132, 1.329733967781067, 3.2873716354370117, 1.5903884172439575, 1.0603318214416504], "non_adversarial_classification_accuracy": 0.4595352564102564, "adversarial_classification_accuracy": 0.0, "adversarial_uncertainty_correct": 1.0, "adversarial_uncertainty_incorrect": 1.0, "supervised_acc": 91.15584935897436, "adversarial_filtered_semi_supervised_acc": NaN, "adversarial_unfilted_semi_supervised_acc": 28.44551282051282, "semi_supervised_acc": 99.08456843940715, "timestamp": 1511253837.3411663, "previous_chkpt": "/home/ubuntu/ORIE6741_bayesgan/results/adv_train_only/model_2000"}