{"disc_loss": 0.8937138915061951, "gen_losses": [1.2790913581848145, 1.2492551803588867, 1.2664291858673096, 1.0577582120895386, 0.8707263469696045, 1.0971776247024536, 0.9614989161491394, 0.8697706460952759, 1.4313619136810303, 0.8762898445129395, 1.4881328344345093, 0.9273487329483032, 0.9227001070976257, 1.6236480474472046, 1.3136355876922607, 0.887332558631897, 1.336021065711975, 2.7044169902801514, 0.9661392569541931, 0.9548366665840149], "non_adversarial_classification_accuracy": 0.6462339743589743, "adversarial_classification_accuracy": 0.0, "adversarial_uncertainty_correct": 1.0, "adversarial_uncertainty_incorrect": 1.0, "supervised_acc": 92.52804487179488, "adversarial_filtered_semi_supervised_acc": NaN, "adversarial_unfilted_semi_supervised_acc": 26.422275641025642, "semi_supervised_acc": 99.02355858648481, "timestamp": 1511259202.0694098, "previous_chkpt": "/home/ubuntu/ORIE6741_bayesgan/results/adv_train_only/model_2800"}