{"disc_loss": 1.275139331817627, "gen_losses": [0.5982024073600769, 0.38387829065322876, 0.5340638756752014, 0.36154061555862427, 0.4173571467399597, 0.28269684314727783, 0.4663180708885193, 0.38192322850227356, 0.4876093864440918, 0.3545231819152832, 0.44782543182373047, 0.6528709530830383, 0.6384308338165283, 0.8386093378067017, 0.6960920095443726, 0.4275549352169037, 0.656165599822998, 1.6136798858642578, 0.5679292678833008, 0.6258301138877869], "non_adversarial_classification_accuracy": 0.8488581730769231, "adversarial_classification_accuracy": 0.0, "adversarial_uncertainty_correct": 1.0, "adversarial_uncertainty_incorrect": 1.0, "supervised_acc": 94.68149038461539, "adversarial_filtered_semi_supervised_acc": NaN, "adversarial_unfilted_semi_supervised_acc": 30.618990384615383, "semi_supervised_acc": 98.06489675516224, "timestamp": 1511265230.1079366, "previous_chkpt": "/home/ubuntu/ORIE6741_bayesgan/results/adv_train_only/model_3600"}