{"disc_loss": 1.1196246147155762, "gen_losses": [1.1216000318527222, 1.2550355195999146, 1.3441240787506104, 1.0855826139450073, 1.1674848794937134, 0.8812777996063232, 0.9918481707572937, 0.9644769430160522, 1.174073338508606, 1.2633179426193237, 1.082972526550293, 0.9597533345222473, 0.9451925158500671, 1.6392236948013306, 1.6802269220352173, 1.1945216655731201, 1.0495859384536743, 4.148122310638428, 1.0792690515518188, 1.0772653818130493], "non_adversarial_classification_accuracy": 0.5145232371794872, "adversarial_classification_accuracy": 0.0, "adversarial_uncertainty_correct": 0.99887615442276, "adversarial_uncertainty_incorrect": 0.9989994168281555, "supervised_acc": 84.92588141025641, "adversarial_filtered_semi_supervised_acc": NaN, "adversarial_unfilted_semi_supervised_acc": 72.51602564102564, "semi_supervised_acc": 97.44987346700408, "timestamp": 1511239047.424287, "previous_chkpt": "/home/ubuntu/ORIE6741_bayesgan/results/adv_train_only/model_400"}