{"disc_loss": 1.1952805519104004, "gen_losses": [1.7145248651504517, 1.7233282327651978, 3.0609874725341797, 1.4310023784637451, 1.377371072769165, 1.4775539636611938, 1.215791940689087, 1.642836093902588, 1.6911542415618896, 1.5287717580795288, 1.9962009191513062, 2.3755245208740234, 2.428685188293457, 2.655731201171875, 3.2683966159820557, 1.4158828258514404, 1.8288323879241943, 4.819921493530273, 1.5935717821121216, 1.5947986841201782], "non_adversarial_classification_accuracy": 0.512520032051282, "adversarial_classification_accuracy": 0.0, "adversarial_uncertainty_correct": 0.9972004890441895, "adversarial_uncertainty_incorrect": 0.9972187280654907, "supervised_acc": 78.50560897435898, "adversarial_filtered_semi_supervised_acc": NaN, "adversarial_unfilted_semi_supervised_acc": 48.127003205128204, "semi_supervised_acc": 93.72679304279852, "timestamp": 1511236937.6566155, "previous_chkpt": ""}