{"disc_loss": 0.985585629940033, "gen_losses": [1.8202085494995117, 1.9504826068878174, 2.1866509914398193, 1.58323073387146, 1.493033528327942, 1.3667564392089844, 1.783970594406128, 1.5117284059524536, 1.4573214054107666, 1.4987947940826416, 1.7388986349105835, 1.423519492149353, 1.5612001419067383, 1.8560724258422852, 1.9063984155654907, 1.5233513116836548, 1.6273444890975952, 4.7628607749938965, 1.4759854078292847, 1.1705374717712402], "non_adversarial_classification_accuracy": 0.3609775641025641, "adversarial_classification_accuracy": 0.0, "adversarial_uncertainty_correct": 1.0, "adversarial_uncertainty_incorrect": 1.0, "supervised_acc": 91.94711538461539, "adversarial_filtered_semi_supervised_acc": NaN, "adversarial_unfilted_semi_supervised_acc": 30.959535256410255, "semi_supervised_acc": 99.25083240843507, "timestamp": 1511255837.546137, "previous_chkpt": "/home/ubuntu/ORIE6741_bayesgan/results/adv_train_only/model_2200"}