{"disc_loss": 0.8895282745361328, "gen_losses": [1.0696206092834473, 0.9943524599075317, 1.658948540687561, 1.556227684020996, 0.9937952160835266, 1.0594676733016968, 0.8427553772926331, 1.2981685400009155, 1.1347302198410034, 1.2328569889068604, 1.3533543348312378, 1.0851930379867554, 1.4372634887695312, 1.9674136638641357, 1.8399447202682495, 0.9392780065536499, 1.4529438018798828, 2.57431960105896, 0.9188826084136963, 1.183039903640747], "non_adversarial_classification_accuracy": 0.653145032051282, "adversarial_classification_accuracy": 0.0, "adversarial_uncertainty_correct": 1.0, "adversarial_uncertainty_incorrect": 1.0, "supervised_acc": 94.08052884615384, "adversarial_filtered_semi_supervised_acc": NaN, "adversarial_unfilted_semi_supervised_acc": 28.99639423076923, "semi_supervised_acc": 99.01855543628278, "timestamp": 1511265901.0265598, "previous_chkpt": "/home/ubuntu/ORIE6741_bayesgan/results/adv_train_only/model_3800"}