{"disc_loss": 0.9708592295646667, "gen_losses": [1.1904910802841187, 1.6733225584030151, 1.7341786623001099, 1.333490252494812, 0.8958835601806641, 1.7969028949737549, 1.1737910509109497, 1.1739616394042969, 1.2112228870391846, 1.0741909742355347, 1.6614996194839478, 1.4456390142440796, 1.235298991203308, 1.558501958847046, 1.7650755643844604, 1.790099859237671, 1.825028896331787, 3.7546098232269287, 1.6559455394744873, 1.2490832805633545], "non_adversarial_classification_accuracy": 0.5080128205128205, "adversarial_classification_accuracy": 0.0, "adversarial_uncertainty_correct": 1.0, "adversarial_uncertainty_incorrect": 1.0, "supervised_acc": 92.4979967948718, "adversarial_filtered_semi_supervised_acc": NaN, "adversarial_unfilted_semi_supervised_acc": 36.18790064102564, "semi_supervised_acc": 98.97476340694006, "timestamp": 1511261903.4670475, "previous_chkpt": "/home/ubuntu/ORIE6741_bayesgan/results/adv_train_only/model_3200"}