{"disc_loss": 1.0219471454620361, "gen_losses": [1.7996500730514526, 1.8886189460754395, 1.9027248620986938, 2.236912488937378, 0.9962780475616455, 1.378983974456787, 1.656797170639038, 1.551401138305664, 1.1773735284805298, 1.7704240083694458, 2.144124984741211, 1.286003828048706, 1.5061042308807373, 2.3292901515960693, 1.428475022315979, 2.188796281814575, 1.9238239526748657, 4.27656888961792, 1.4024323225021362, 1.5014333724975586], "non_adversarial_classification_accuracy": 0.31229967948717946, "adversarial_classification_accuracy": 0.0, "adversarial_uncertainty_correct": 0.9999996423721313, "adversarial_uncertainty_incorrect": 0.9999998807907104, "supervised_acc": 91.95713141025641, "adversarial_filtered_semi_supervised_acc": NaN, "adversarial_unfilted_semi_supervised_acc": 32.39182692307692, "semi_supervised_acc": 99.5830660679923, "timestamp": 1511250481.1979148, "previous_chkpt": "/home/ubuntu/ORIE6741_bayesgan/results/adv_train_only/model_1400"}