{"disc_loss": 1.1407215595245361, "gen_losses": [0.6884613037109375, 0.9749683141708374, 0.6090666055679321, 0.624848484992981, 0.5561733245849609, 0.6223416328430176, 0.639866054058075, 0.7661466598510742, 0.7642015218734741, 0.7681937217712402, 0.6167652010917664, 0.8130762577056885, 0.6536932587623596, 0.8445716500282288, 1.2849980592727661, 0.7261492013931274, 0.7933216691017151, 3.109395980834961, 0.6084851622581482, 0.384998083114624], "non_adversarial_classification_accuracy": 0.7696314102564102, "adversarial_classification_accuracy": 0.0, "adversarial_uncertainty_correct": 0.9998701214790344, "adversarial_uncertainty_incorrect": 0.9999176263809204, "supervised_acc": 85.14623397435898, "adversarial_filtered_semi_supervised_acc": NaN, "adversarial_unfilted_semi_supervised_acc": 44.44110576923077, "semi_supervised_acc": 96.65538781884435, "timestamp": 1511239735.8252087, "previous_chkpt": "/home/ubuntu/ORIE6741_bayesgan/results/adv_train_only/model_400"}