{"disc_loss": 0.9583598375320435, "gen_losses": [1.3137539625167847, 1.605257272720337, 1.556331992149353, 1.3292267322540283, 1.1870448589324951, 1.2903201580047607, 1.3797887563705444, 1.1565083265304565, 1.347679853439331, 1.4393373727798462, 1.090485692024231, 1.0163226127624512, 1.322034239768982, 2.0538394451141357, 1.8937983512878418, 1.1612354516983032, 1.4784969091415405, 3.881645917892456, 1.2226197719573975, 1.1499955654144287], "non_adversarial_classification_accuracy": 0.4147636217948718, "adversarial_classification_accuracy": 0.0, "adversarial_uncertainty_correct": 0.9999950528144836, "adversarial_uncertainty_incorrect": 0.9999984502792358, "supervised_acc": 89.98397435897436, "adversarial_filtered_semi_supervised_acc": NaN, "adversarial_unfilted_semi_supervised_acc": 29.747596153846153, "semi_supervised_acc": 98.55107461965709, "timestamp": 1511247794.1814344, "previous_chkpt": "/home/ubuntu/ORIE6741_bayesgan/results/adv_train_only/model_1000"}