{"disc_loss": 1.232999324798584, "gen_losses": [1.461077332496643, 1.8292208909988403, 1.955648422241211, 1.6774747371673584, 1.227756142616272, 1.5367445945739746, 1.3481370210647583, 1.3328357934951782, 1.3653234243392944, 1.59392511844635, 1.7809455394744873, 1.4522591829299927, 2.1282973289489746, 3.1086275577545166, 2.4357151985168457, 1.05165433883667, 1.381839632987976, 5.120879173278809, 1.3287369012832642, 1.136337161064148], "non_adversarial_classification_accuracy": 0.5510817307692307, "adversarial_classification_accuracy": 0.0, "adversarial_uncertainty_correct": 0.997368574142456, "adversarial_uncertainty_incorrect": 0.9969143271446228, "supervised_acc": 80.65905448717949, "adversarial_filtered_semi_supervised_acc": NaN, "adversarial_unfilted_semi_supervised_acc": 64.01241987179488, "semi_supervised_acc": 94.89276626681207, "timestamp": 1511237637.0828493, "previous_chkpt": "/home/ubuntu/ORIE6741_bayesgan/results/adv_train_only/model_200"}