{"disc_loss": 0.8003590703010559, "gen_losses": [1.7713409662246704, 1.4003572463989258, 1.5466021299362183, 1.4070833921432495, 1.2428922653198242, 1.0730401277542114, 1.2853062152862549, 1.7049434185028076, 1.3077012300491333, 0.9571689367294312, 1.3424185514450073, 1.0659188032150269, 1.624529480934143, 1.963354229927063, 1.883198618888855, 0.9944546818733215, 2.046632766723633, 3.905658483505249, 1.5651509761810303, 1.1003473997116089], "non_adversarial_classification_accuracy": 0.48607772435897434, "adversarial_classification_accuracy": 0.0, "adversarial_uncertainty_correct": 1.0, "adversarial_uncertainty_incorrect": 1.0, "supervised_acc": 92.5380608974359, "adversarial_filtered_semi_supervised_acc": NaN, "adversarial_unfilted_semi_supervised_acc": 33.02283653846154, "semi_supervised_acc": 99.21697918813105, "timestamp": 1511260564.909877, "previous_chkpt": "/home/ubuntu/ORIE6741_bayesgan/results/adv_train_only/model_3000"}