{"disc_loss": 1.0158737897872925, "gen_losses": [1.6677361726760864, 2.0204477310180664, 2.025221824645996, 1.3942067623138428, 2.008878469467163, 1.682537317276001, 1.6706286668777466, 1.8329546451568604, 1.9237329959869385, 2.3541758060455322, 1.6290584802627563, 1.4355876445770264, 1.5512945652008057, 2.5123629570007324, 1.8828092813491821, 1.6246254444122314, 2.0146260261535645, 3.7100536823272705, 1.3701982498168945, 1.5569730997085571], "non_adversarial_classification_accuracy": 0.3229166666666667, "adversarial_classification_accuracy": 0.0, "adversarial_uncertainty_correct": 1.0, "adversarial_uncertainty_incorrect": 1.0, "supervised_acc": 91.7568108974359, "adversarial_filtered_semi_supervised_acc": NaN, "adversarial_unfilted_semi_supervised_acc": 30.35857371794872, "semi_supervised_acc": 99.5347394540943, "timestamp": 1511255173.1638663, "previous_chkpt": "/home/ubuntu/ORIE6741_bayesgan/results/adv_train_only/model_2200"}