{"disc_loss": 1.5051738023757935, "gen_losses": [0.3771142363548279, 0.37909820675849915, 0.5797082781791687, 0.7448334097862244, 0.38249868154525757, 0.39837899804115295, 0.29803138971328735, 0.3223314583301544, 0.4844742715358734, 0.389457643032074, 0.4054710268974304, 0.5522985458374023, 0.39793550968170166, 0.7295464277267456, 0.4854106903076172, 0.3640834093093872, 0.5494832992553711, 1.717000961303711, 0.3442654013633728, 0.27417823672294617], "non_adversarial_classification_accuracy": 0.8602764423076923, "adversarial_classification_accuracy": 0.0, "adversarial_uncertainty_correct": 0.9999987483024597, "adversarial_uncertainty_incorrect": 0.9999996423721313, "supervised_acc": 91.53645833333333, "adversarial_filtered_semi_supervised_acc": NaN, "adversarial_unfilted_semi_supervised_acc": 23.25721153846154, "semi_supervised_acc": 97.45022703457911, "timestamp": 1511248467.8705053, "previous_chkpt": "/home/ubuntu/ORIE6741_bayesgan/results/adv_train_only/model_1200"}