{"disc_loss": 0.8830755949020386, "gen_losses": [2.659092664718628, 2.174614191055298, 2.790994644165039, 2.074448585510254, 1.7607810497283936, 1.805342674255371, 2.1610050201416016, 2.0309884548187256, 1.9519835710525513, 1.9557521343231201, 2.541646957397461, 2.242560386657715, 2.172203302383423, 2.8113701343536377, 2.5267438888549805, 2.4549167156219482, 2.1234405040740967, 4.043209075927734, 1.9288389682769775, 1.8475568294525146], "non_adversarial_classification_accuracy": 0.26802884615384615, "adversarial_classification_accuracy": 0.0, "adversarial_uncertainty_correct": 1.0, "adversarial_uncertainty_incorrect": 1.0, "supervised_acc": 92.03725961538461, "adversarial_filtered_semi_supervised_acc": NaN, "adversarial_unfilted_semi_supervised_acc": 32.01121794871795, "semi_supervised_acc": 99.58893871449925, "timestamp": 1511258520.6775224, "previous_chkpt": "/home/ubuntu/ORIE6741_bayesgan/results/adv_train_only/model_2600"}