{"disc_loss": 0.8756407499313354, "gen_losses": [1.3182990550994873, 1.463564395904541, 1.5868237018585205, 1.3086165189743042, 1.3348368406295776, 1.1921217441558838, 1.1309911012649536, 1.0131031274795532, 1.1752625703811646, 1.2994906902313232, 1.42613685131073, 0.9408678412437439, 1.203913927078247, 1.8329815864562988, 1.5596246719360352, 1.103987216949463, 1.6352685689926147, 3.5679078102111816, 1.2456691265106201, 1.0599766969680786], "non_adversarial_classification_accuracy": 0.48026842948717946, "adversarial_classification_accuracy": 0.0, "adversarial_uncertainty_correct": 0.9999952912330627, "adversarial_uncertainty_incorrect": 0.9999983310699463, "supervised_acc": 88.89222756410257, "adversarial_filtered_semi_supervised_acc": NaN, "adversarial_unfilted_semi_supervised_acc": 29.18669871794872, "semi_supervised_acc": 97.89363920750782, "timestamp": 1511241819.6197052, "previous_chkpt": "/home/ubuntu/ORIE6741_bayesgan/results/adv_train_only/model_800"}