{"disc_loss": 0.6150202751159668, "gen_losses": [1.9674654006958008, 1.6337478160858154, 2.5893163681030273, 1.7272759675979614, 2.1492745876312256, 2.057248830795288, 1.618454098701477, 1.7828246355056763, 1.969935655593872, 1.8826223611831665, 1.8790775537490845, 1.845507025718689, 1.9648951292037964, 1.994089961051941, 2.288339138031006, 1.321547031402588, 1.8693205118179321, 4.050981521606445, 2.082669734954834, 1.428528070449829], "non_adversarial_classification_accuracy": 0.4580328525641026, "adversarial_classification_accuracy": 0.0, "adversarial_uncertainty_correct": 1.0, "adversarial_uncertainty_incorrect": 1.0, "supervised_acc": 92.6582532051282, "adversarial_filtered_semi_supervised_acc": NaN, "adversarial_unfilted_semi_supervised_acc": 38.2411858974359, "semi_supervised_acc": 98.97222829652307, "timestamp": 1511262573.2597013, "previous_chkpt": "/home/ubuntu/ORIE6741_bayesgan/results/adv_train_only/model_3200"}