{"disc_loss": 0.8743835091590881, "gen_losses": [1.240972876548767, 1.525328278541565, 1.2563459873199463, 1.018621802330017, 1.0463111400604248, 1.3369358777999878, 1.2225652933120728, 1.122734546661377, 1.3043638467788696, 1.2658809423446655, 1.5963084697723389, 1.0529743432998657, 1.4543219804763794, 1.4928159713745117, 1.5611696243286133, 1.3942302465438843, 1.3681325912475586, 3.0599005222320557, 1.2963870763778687, 1.3913204669952393], "non_adversarial_classification_accuracy": 0.5301482371794872, "adversarial_classification_accuracy": 0.0, "adversarial_uncertainty_correct": 0.9999998211860657, "adversarial_uncertainty_incorrect": 1.0, "supervised_acc": 91.66666666666667, "adversarial_filtered_semi_supervised_acc": NaN, "adversarial_unfilted_semi_supervised_acc": 31.169871794871796, "semi_supervised_acc": 98.50746268656717, "timestamp": 1511251158.6760888, "previous_chkpt": "/home/ubuntu/ORIE6741_bayesgan/results/adv_train_only/model_1600"}