{"disc_loss": 0.804489016532898, "gen_losses": [1.6700599193572998, 1.610676646232605, 1.7463915348052979, 1.1526751518249512, 1.098467469215393, 0.986381471157074, 1.4251527786254883, 1.8890269994735718, 1.671179175376892, 1.1563514471054077, 1.9769753217697144, 0.8906259536743164, 1.503770351409912, 1.7435699701309204, 1.3870508670806885, 1.5797722339630127, 1.1417771577835083, 3.5717127323150635, 1.475536823272705, 1.3490263223648071], "non_adversarial_classification_accuracy": 0.5061097756410257, "adversarial_classification_accuracy": 0.0, "adversarial_uncertainty_correct": 1.0, "adversarial_uncertainty_incorrect": 1.0, "supervised_acc": 94.39102564102564, "adversarial_filtered_semi_supervised_acc": NaN, "adversarial_unfilted_semi_supervised_acc": 28.786057692307693, "semi_supervised_acc": 98.99069859489413, "timestamp": 1511263900.618808, "previous_chkpt": "/home/ubuntu/ORIE6741_bayesgan/results/adv_train_only/model_3400"}