{"disc_loss": 0.9804648160934448, "gen_losses": [1.5949573516845703, 1.4553083181381226, 1.584168553352356, 1.5751935243606567, 1.2059993743896484, 1.6229726076126099, 1.216326117515564, 1.3055870532989502, 1.7702934741973877, 1.3085986375808716, 2.4910435676574707, 1.3951919078826904, 1.8183914422988892, 1.7618980407714844, 2.0030696392059326, 1.6501257419586182, 1.9252479076385498, 4.3533525466918945, 1.403573989868164, 0.9401864409446716], "non_adversarial_classification_accuracy": 0.35376602564102566, "adversarial_classification_accuracy": 0.0, "adversarial_uncertainty_correct": 0.9999989867210388, "adversarial_uncertainty_incorrect": 0.9999997019767761, "supervised_acc": 91.63661858974359, "adversarial_filtered_semi_supervised_acc": NaN, "adversarial_unfilted_semi_supervised_acc": 33.23317307692308, "semi_supervised_acc": 98.9524348810872, "timestamp": 1511249138.296384, "previous_chkpt": "/home/ubuntu/ORIE6741_bayesgan/results/adv_train_only/model_1200"}