{"disc_loss": 1.1207274198532104, "gen_losses": [0.9912014007568359, 0.9043995141983032, 1.0228395462036133, 0.9830833077430725, 1.7842024564743042, 1.0256497859954834, 0.9465583562850952, 0.9958112239837646, 1.074932336807251, 1.0733692646026611, 1.3768630027770996, 1.5243488550186157, 1.291724681854248, 0.8820736408233643, 1.2669777870178223, 0.80086749792099, 1.317927598953247, 1.1445844173431396, 1.485924482345581, 1.2707083225250244, 0.7513384222984314, 0.990670382976532, 0.7917695641517639, 0.5128271579742432, 1.0660961866378784, 2.0163187980651855, 1.5282038450241089, 0.9276382923126221, 1.0318782329559326, 1.4326072931289673, 1.1997345685958862, 0.8843475580215454, 0.9041045308113098, 1.4436627626419067, 1.2797590494155884, 0.9990346431732178, 0.9214597940444946, 0.9742217063903809, 0.9410223364830017, 0.9962138533592224], "non_adversarial_classification_accuracy": 0.49268830128205127, "adversarial_classification_accuracy": 0.0, "adversarial_uncertainty_correct": 0.9999809265136719, "adversarial_uncertainty_incorrect": 0.9999905824661255, "supervised_acc": 78.64583333333333, "adversarial_filtered_semi_supervised_acc": NaN, "adversarial_unfilted_semi_supervised_acc": 58.50360576923077, "semi_supervised_acc": 92.25452327708884, "timestamp": 1513011179.4534113, "previous_chkpt": "/home/ubuntu/ORIE6741_bayesgan/results/mcmc-4_basic_iterative/model_400"}