{"disc_loss": 1.4013522863388062, "gen_losses": [1.769603967666626, 1.5251514911651611, 1.5014785528182983, 1.3166618347167969, 1.99081552028656, 1.3510011434555054, 1.8552955389022827, 1.3545230627059937, 1.5063352584838867, 1.277738332748413, 1.5054928064346313, 2.150892972946167, 1.726763129234314, 1.4113976955413818, 1.750226616859436, 1.5420331954956055, 2.0917789936065674, 1.5695077180862427, 2.1244750022888184, 1.989897608757019, 1.5428218841552734, 1.3039277791976929, 1.8493200540542603, 1.0008348226547241, 1.4446111917495728, 3.1052627563476562, 1.974448561668396, 1.7240779399871826, 1.2361901998519897, 1.811985969543457, 1.9741803407669067, 1.785282850265503, 1.3700807094573975, 2.291513442993164, 1.59578537940979, 1.5347471237182617, 1.118657112121582, 1.2829264402389526, 1.5854301452636719, 1.1753391027450562], "non_adversarial_classification_accuracy": 0.3272235576923077, "adversarial_classification_accuracy": 0.0, "adversarial_uncertainty_correct": 0.9992998242378235, "adversarial_uncertainty_incorrect": 0.9994749426841736, "supervised_acc": 78.45552884615384, "adversarial_filtered_semi_supervised_acc": NaN, "adversarial_unfilted_semi_supervised_acc": 82.24158653846153, "semi_supervised_acc": 91.55188246097337, "timestamp": 1513008491.924319, "previous_chkpt": ""}