{"disc_loss": 1.3323599100112915, "gen_losses": [1.3867427110671997, 1.0574783086776733, 1.0519185066223145, 1.0301430225372314, 1.613662838935852, 0.9726272821426392, 1.3860262632369995, 0.9721953868865967, 1.6730839014053345, 1.0731356143951416, 1.4015405178070068, 1.728011131286621, 1.6117045879364014, 1.350288987159729, 2.114370584487915, 1.5813839435577393, 0.7411302328109741, 1.3036932945251465, 1.6371841430664062, 2.0921895503997803, 1.3088349103927612, 1.1813448667526245, 1.0991888046264648, 0.8316588997840881, 1.2773267030715942, 2.0152933597564697, 0.9083960056304932, 1.0266926288604736, 1.116723656654358, 1.3796218633651733, 2.193026304244995, 1.2196975946426392, 0.7945738434791565, 1.183528184890747, 1.1831028461456299, 1.1311824321746826, 1.5233955383300781, 1.337912678718567, 1.1868886947631836, 1.3656816482543945], "non_adversarial_classification_accuracy": 0.8434495192307693, "adversarial_classification_accuracy": 0.17057291666666666, "adversarial_uncertainty_correct": 0.7352610230445862, "adversarial_uncertainty_incorrect": 0.8683279156684875, "supervised_acc": 78.28525641025641, "adversarial_filtered_semi_supervised_acc": 88.31473869641809, "adversarial_unfilted_semi_supervised_acc": 68.44951923076923, "semi_supervised_acc": 90.25056406602542, "timestamp": 1513006401.9377484, "previous_chkpt": ""}