{"disc_loss": 1.2547532320022583, "gen_losses": [0.6813012957572937, 0.52754807472229, 0.6875830888748169, 0.6710662841796875, 1.035335659980774, 0.6671028137207031, 1.0463528633117676, 0.6845672130584717, 0.7199971675872803, 0.47798362374305725, 0.5972272157669067, 0.7728589177131653, 0.7975671291351318, 0.7036059498786926, 0.6844595074653625, 0.6863836050033569, 1.442520260810852, 0.8748382329940796, 1.1934207677841187, 0.8409643769264221, 0.8214896321296692, 0.6550430655479431, 0.7832273244857788, 0.7424434423446655, 0.6791189908981323, 1.4168570041656494, 1.2419483661651611, 0.8554383516311646, 0.7642759680747986, 1.1555827856063843, 0.9958925843238831, 0.577601969242096, 0.7659499049186707, 1.179229974746704, 1.0456812381744385, 0.6190472841262817, 0.7193440198898315, 0.7250388860702515, 0.44455015659332275, 0.627225935459137], "non_adversarial_classification_accuracy": 0.6213942307692307, "adversarial_classification_accuracy": 0.0, "adversarial_uncertainty_correct": 0.9999996423721313, "adversarial_uncertainty_incorrect": 0.9999998211860657, "supervised_acc": 86.43830128205128, "adversarial_filtered_semi_supervised_acc": NaN, "adversarial_unfilted_semi_supervised_acc": 40.03405448717949, "semi_supervised_acc": 94.01998710509349, "timestamp": 1513018635.4432101, "previous_chkpt": "/home/ubuntu/ORIE6741_bayesgan/results/mcmc-4_basic_iterative/model_1200"}