{"disc_loss": 1.116744041442871, "gen_losses": [0.6760720014572144, 1.0147677659988403, 0.8144329190254211, 0.7064462304115295, 1.421034336090088, 0.7527097463607788, 0.8115118145942688, 0.7656950354576111, 1.0988765954971313, 0.7539266347885132, 0.9205008149147034, 1.4163886308670044, 1.1275995969772339, 1.112930178642273, 1.0037057399749756, 0.8397288918495178, 1.5160142183303833, 1.3595696687698364, 1.9646011590957642, 1.0016505718231201, 1.057168960571289, 0.7754837274551392, 0.8468142747879028, 0.8655624985694885, 0.8410319089889526, 1.6318988800048828, 1.506897211074829, 1.0305322408676147, 0.9404675960540771, 1.5620698928833008, 1.5052564144134521, 0.6322513222694397, 1.2717814445495605, 1.167447805404663, 1.3425507545471191, 0.9755728244781494, 0.6430827975273132, 0.8904056549072266, 0.43603798747062683, 0.6322494149208069], "non_adversarial_classification_accuracy": 0.5299479166666666, "adversarial_classification_accuracy": 0.0, "adversarial_uncertainty_correct": 0.9999993443489075, "adversarial_uncertainty_incorrect": 0.9999998211860657, "supervised_acc": 86.31810897435898, "adversarial_filtered_semi_supervised_acc": NaN, "adversarial_unfilted_semi_supervised_acc": 43.87019230769231, "semi_supervised_acc": 94.61349461349461, "timestamp": 1513017938.3702514, "previous_chkpt": "/home/ubuntu/ORIE6741_bayesgan/results/mcmc-4_basic_iterative/model_1200"}