{"disc_loss": 1.143105149269104, "gen_losses": [0.6348472237586975, 0.830968976020813, 0.9074246287345886, 0.6394913792610168, 1.4757839441299438, 0.625149667263031, 0.9323979020118713, 0.605582058429718, 1.0725313425064087, 0.8293818831443787, 1.193663239479065, 1.220833659172058, 0.9271305799484253, 0.9950572848320007, 0.9988625049591064, 0.851944088935852, 1.6110526323318481, 0.7758128643035889, 1.0332175493240356, 0.9826229810714722, 0.6060817837715149, 0.7262087464332581, 1.1532317399978638, 0.7755427956581116, 0.6988984942436218, 1.6911098957061768, 1.282341718673706, 1.1289275884628296, 0.8807141780853271, 1.130262017250061, 1.2885018587112427, 0.7649573087692261, 1.002181887626648, 1.0918165445327759, 1.274825930595398, 0.8187240362167358, 0.5904807448387146, 0.7721642255783081, 0.5392700433731079, 0.8043440580368042], "non_adversarial_classification_accuracy": 0.5936498397435898, "adversarial_classification_accuracy": 0.0, "adversarial_uncertainty_correct": 0.9999986886978149, "adversarial_uncertainty_incorrect": 0.9999994039535522, "supervised_acc": 82.35176282051282, "adversarial_filtered_semi_supervised_acc": NaN, "adversarial_unfilted_semi_supervised_acc": 52.263621794871796, "semi_supervised_acc": 94.01046060401552, "timestamp": 1513013859.028169, "previous_chkpt": "/home/ubuntu/ORIE6741_bayesgan/results/mcmc-4_basic_iterative/model_800"}