{"disc_loss": 1.1370810270309448, "gen_losses": [0.5325444340705872, 0.6563438177108765, 0.6591148376464844, 0.644496500492096, 1.389651894569397, 0.7633079886436462, 0.7947758436203003, 0.6204774379730225, 0.7944291830062866, 0.9051706790924072, 0.6912150979042053, 1.235162615776062, 1.0094350576400757, 0.8501105308532715, 1.250473976135254, 0.8828909993171692, 1.510463833808899, 0.7801165580749512, 1.1355310678482056, 1.0279583930969238, 1.0614856481552124, 0.6535001993179321, 0.7596009373664856, 0.6062898635864258, 0.5969941020011902, 1.4845950603485107, 1.0412054061889648, 1.3861922025680542, 0.6702939867973328, 0.9222665429115295, 0.9908187389373779, 0.6181673407554626, 0.7153898477554321, 1.2263039350509644, 0.9542655348777771, 0.804990828037262, 0.7794643640518188, 0.7026941776275635, 0.6538353562355042, 0.997998833656311], "non_adversarial_classification_accuracy": 0.6262019230769231, "adversarial_classification_accuracy": 0.0, "adversarial_uncertainty_correct": 0.9999979138374329, "adversarial_uncertainty_incorrect": 0.9999990463256836, "supervised_acc": 82.22155448717949, "adversarial_filtered_semi_supervised_acc": NaN, "adversarial_unfilted_semi_supervised_acc": 47.12540064102564, "semi_supervised_acc": 93.66602687140116, "timestamp": 1513013161.5127587, "previous_chkpt": "/home/ubuntu/ORIE6741_bayesgan/results/mcmc-4_basic_iterative/model_800"}