{"disc_loss": 1.0946006774902344, "gen_losses": [0.6356964707374573, 0.6402863264083862, 1.00600266456604, 0.5367721915245056, 1.274666428565979, 0.9433339238166809, 0.9244995713233948, 0.8967123627662659, 0.9072850942611694, 0.6835501790046692, 1.1820850372314453, 1.2972038984298706, 0.876437783241272, 0.8459412455558777, 1.056239128112793, 0.808049201965332, 1.8293291330337524, 1.239131212234497, 1.152050256729126, 1.0356029272079468, 0.7441421151161194, 0.694682776927948, 1.1419250965118408, 0.7196118235588074, 0.6512155532836914, 1.7836179733276367, 1.264635682106018, 1.0781751871109009, 0.7843907475471497, 1.4295477867126465, 1.1237826347351074, 0.7642861008644104, 0.9563418626785278, 1.364458441734314, 0.8967352509498596, 0.8800517916679382, 0.6695252656936646, 0.7454898357391357, 0.8655236959457397, 0.6308237314224243], "non_adversarial_classification_accuracy": 0.5514823717948718, "adversarial_classification_accuracy": 0.0, "adversarial_uncertainty_correct": 0.9999986886978149, "adversarial_uncertainty_incorrect": 0.9999994039535522, "supervised_acc": 82.4619391025641, "adversarial_filtered_semi_supervised_acc": NaN, "adversarial_unfilted_semi_supervised_acc": 48.20713141025641, "semi_supervised_acc": 92.462767889575, "timestamp": 1513015253.9246135, "previous_chkpt": "/home/ubuntu/ORIE6741_bayesgan/results/mcmc-4_basic_iterative/model_800"}