{"disc_loss": 1.247524380683899, "gen_losses": [0.673871636390686, 0.6825115084648132, 1.0171775817871094, 0.7506299018859863, 1.412717342376709, 0.7700916528701782, 0.9253354668617249, 0.8680118918418884, 0.9753033518791199, 0.904585063457489, 0.8994368314743042, 1.5425801277160645, 1.006241798400879, 1.1894882917404175, 1.0169044733047485, 0.6843768358230591, 1.3390765190124512, 0.9742680788040161, 1.2456430196762085, 1.3120102882385254, 0.9224838018417358, 1.0461078882217407, 0.8695258498191833, 0.787413477897644, 0.9921332597732544, 1.643237829208374, 1.2433750629425049, 1.059799313545227, 0.9146571159362793, 1.4504101276397705, 1.2187913656234741, 0.6006301045417786, 0.9796165227890015, 1.4915869235992432, 1.0210212469100952, 1.0954828262329102, 0.6865545511245728, 0.7106673717498779, 0.7807257175445557, 0.877296507358551], "non_adversarial_classification_accuracy": 0.5636017628205128, "adversarial_classification_accuracy": 0.0, "adversarial_uncertainty_correct": 0.9999929666519165, "adversarial_uncertainty_incorrect": 0.9999970197677612, "supervised_acc": 78.53565705128206, "adversarial_filtered_semi_supervised_acc": NaN, "adversarial_unfilted_semi_supervised_acc": 50.861378205128204, "semi_supervised_acc": 91.9850719744091, "timestamp": 1513011874.606467, "previous_chkpt": "/home/ubuntu/ORIE6741_bayesgan/results/mcmc-4_basic_iterative/model_400"}