{"disc_loss": 1.1807175874710083, "gen_losses": [0.45676228404045105, 0.5004239678382874, 0.4678414762020111, 0.379084050655365, 1.12204110622406, 0.382129043340683, 0.6007195711135864, 0.4152500033378601, 0.3820725679397583, 0.46444275975227356, 0.7913195490837097, 1.4816282987594604, 0.5886452794075012, 0.5536100268363953, 0.56902676820755, 0.45381107926368713, 1.1233468055725098, 0.6145777106285095, 0.78042072057724, 0.7014346718788147, 0.4736517369747162, 0.4454588294029236, 0.6603587865829468, 0.3623304069042206, 0.4223628640174866, 1.0192370414733887, 0.8528188467025757, 0.6820149421691895, 0.7121735215187073, 1.0829827785491943, 0.966881275177002, 0.5350182056427002, 0.5132368803024292, 0.4826945960521698, 0.9138866662979126, 0.5506963133811951, 0.4542255103588104, 0.4539717733860016, 0.5089871883392334, 0.36481332778930664], "non_adversarial_classification_accuracy": 0.7035256410256411, "adversarial_classification_accuracy": 0.0, "adversarial_uncertainty_correct": 0.9999997615814209, "adversarial_uncertainty_incorrect": 0.9999999403953552, "supervised_acc": 87.31971153846153, "adversarial_filtered_semi_supervised_acc": NaN, "adversarial_unfilted_semi_supervised_acc": 37.83052884615385, "semi_supervised_acc": 95.15945330296128, "timestamp": 1513022016.1797054, "previous_chkpt": "/home/ubuntu/ORIE6741_bayesgan/results/mcmc-4_basic_iterative/model_1600"}