{"disc_loss": 1.0522433519363403, "gen_losses": [1.124367117881775, 1.3301892280578613, 1.138993501663208, 1.0665223598480225, 1.4850188493728638, 1.13628351688385, 1.0189412832260132, 0.784339189529419, 1.2737122774124146, 1.2158722877502441, 1.3741705417633057, 1.9287482500076294, 1.3944228887557983, 1.490120768547058, 1.2646926641464233, 1.1421645879745483, 1.9949723482131958, 1.3299249410629272, 1.369179368019104, 1.9733612537384033, 1.0330870151519775, 1.363187551498413, 1.2095646858215332, 0.9745379090309143, 1.2133126258850098, 2.1933040618896484, 1.3384414911270142, 1.7836756706237793, 1.026703953742981, 1.7441344261169434, 1.421986699104309, 1.5859360694885254, 1.2876365184783936, 1.5740638971328735, 1.448792815208435, 1.3256449699401855, 1.154135823249817, 1.2018862962722778, 1.1633068323135376, 1.1185394525527954], "non_adversarial_classification_accuracy": 0.4385016025641026, "adversarial_classification_accuracy": 0.0, "adversarial_uncertainty_correct": 0.9998359680175781, "adversarial_uncertainty_incorrect": 0.9999039173126221, "supervised_acc": 78.83613782051282, "adversarial_filtered_semi_supervised_acc": NaN, "adversarial_unfilted_semi_supervised_acc": 71.89503205128206, "semi_supervised_acc": 91.59433531292828, "timestamp": 1513009783.197244, "previous_chkpt": "/home/ubuntu/ORIE6741_bayesgan/results/mcmc-4_basic_iterative/model_400"}