{"disc_loss": 1.1789891719818115, "gen_losses": [0.8377520442008972, 0.8016212582588196, 0.8253905177116394, 1.2848701477050781, 1.3054225444793701, 0.9249701499938965, 1.0162503719329834, 0.7640201449394226, 0.9920653700828552, 0.8536291718482971, 1.0752450227737427, 1.4740945100784302, 0.6941579580307007, 0.8355029225349426, 1.1090242862701416, 0.9015162587165833, 1.6089898347854614, 1.1923959255218506, 1.4271290302276611, 1.1758555173873901, 0.7079442143440247, 1.0482988357543945, 1.0338718891143799, 0.6267355680465698, 0.75559002161026, 2.2318952083587646, 0.9818733334541321, 1.45595383644104, 0.9664972424507141, 1.5778136253356934, 1.503361701965332, 0.6624160408973694, 1.0409550666809082, 1.1340152025222778, 1.0144801139831543, 1.0965698957443237, 0.747106671333313, 0.9322531819343567, 0.6956707239151001, 0.8091163039207458], "non_adversarial_classification_accuracy": 0.5712139423076923, "adversarial_classification_accuracy": 0.0, "adversarial_uncertainty_correct": 0.9999448657035828, "adversarial_uncertainty_incorrect": 0.9999718070030212, "supervised_acc": 78.80608974358974, "adversarial_filtered_semi_supervised_acc": NaN, "adversarial_unfilted_semi_supervised_acc": 63.05088141025641, "semi_supervised_acc": 90.98719971944591, "timestamp": 1513010481.5655105, "previous_chkpt": "/home/ubuntu/ORIE6741_bayesgan/results/mcmc-4_basic_iterative/model_400"}