{"disc_loss": 1.1850192546844482, "gen_losses": [0.4940931499004364, 0.47880613803863525, 1.0575640201568604, 0.43946561217308044, 1.324997901916504, 0.9086600542068481, 0.7818173170089722, 0.5732303857803345, 0.7255799770355225, 0.6527472138404846, 0.9160425066947937, 0.9619287848472595, 0.9554476141929626, 0.5918555855751038, 0.9926103353500366, 0.7648869156837463, 1.3751428127288818, 0.9494551420211792, 1.214931845664978, 1.0006283521652222, 0.8812002539634705, 0.7976582646369934, 1.1748344898223877, 0.6663938760757446, 0.9749648571014404, 1.4970118999481201, 1.6430492401123047, 1.053725004196167, 0.6233292818069458, 0.8909615874290466, 0.9418502449989319, 0.6170240044593811, 1.0044642686843872, 0.9037022590637207, 1.4260896444320679, 0.7754100561141968, 0.38065022230148315, 0.8965612053871155, 0.6105379462242126, 0.6785575747489929], "non_adversarial_classification_accuracy": 0.5776241987179487, "adversarial_classification_accuracy": 0.0, "adversarial_uncertainty_correct": 0.9999992251396179, "adversarial_uncertainty_incorrect": 0.9999997019767761, "supervised_acc": 86.17788461538461, "adversarial_filtered_semi_supervised_acc": NaN, "adversarial_unfilted_semi_supervised_acc": 50.390625, "semi_supervised_acc": 92.64782382521241, "timestamp": 1513017240.8173053, "previous_chkpt": "/home/ubuntu/ORIE6741_bayesgan/results/mcmc-4_basic_iterative/model_1200"}