{"disc_loss": 1.129726767539978, "gen_losses": [0.7424346208572388, 0.6512463688850403, 0.9245197176933289, 0.6951877474784851, 1.566952109336853, 0.9316563010215759, 0.7920444011688232, 0.8148328065872192, 0.8894844055175781, 0.7779595851898193, 1.0745255947113037, 1.3990135192871094, 0.811409056186676, 1.0758291482925415, 1.1638551950454712, 0.891280472278595, 1.6480764150619507, 1.2169684171676636, 1.1584913730621338, 0.9980916976928711, 1.0755211114883423, 0.9262859225273132, 1.2269619703292847, 0.6908789873123169, 0.8780961632728577, 1.7069149017333984, 1.6712287664413452, 0.9949445724487305, 1.0565353631973267, 0.948597252368927, 1.584080457687378, 0.7622076272964478, 1.0375927686691284, 0.9776562452316284, 1.4069567918777466, 1.1784695386886597, 0.7204288244247437, 0.6602009534835815, 0.6148518919944763, 0.5466657876968384], "non_adversarial_classification_accuracy": 0.5134214743589743, "adversarial_classification_accuracy": 0.0, "adversarial_uncertainty_correct": 0.9999995827674866, "adversarial_uncertainty_incorrect": 0.9999998211860657, "supervised_acc": 87.00921474358974, "adversarial_filtered_semi_supervised_acc": NaN, "adversarial_unfilted_semi_supervised_acc": 45.47275641025641, "semi_supervised_acc": 95.16191962543894, "timestamp": 1513019921.8738737, "previous_chkpt": "/home/ubuntu/ORIE6741_bayesgan/results/mcmc-4_basic_iterative/model_1600"}