{"disc_loss": 1.383303165435791, "gen_losses": [1.130903959274292, 1.1604164838790894, 1.568408489227295, 1.2234011888504028, 1.385497808456421, 1.2793258428573608, 1.1535921096801758, 1.194548487663269, 1.0459990501403809, 1.1312835216522217, 1.1053261756896973, 1.7885316610336304, 1.498183250427246, 1.2234046459197998, 1.6528860330581665, 1.1759432554244995, 1.4098883867263794, 1.2212622165679932, 1.6183093786239624, 1.2455998659133911, 0.9392485618591309, 1.0034947395324707, 1.0324753522872925, 1.008271336555481, 1.1350377798080444, 3.235137462615967, 1.778529167175293, 1.6268435716629028, 1.05948805809021, 1.491930603981018, 1.3746397495269775, 1.2097244262695312, 1.430405616760254, 1.9736502170562744, 1.024707317352295, 1.5122379064559937, 0.8850643038749695, 1.098854899406433, 1.1268529891967773, 1.5127301216125488], "non_adversarial_classification_accuracy": 0.5106169871794872, "adversarial_classification_accuracy": 0.0, "adversarial_uncertainty_correct": 0.9963013529777527, "adversarial_uncertainty_incorrect": 0.9963324666023254, "supervised_acc": 78.40544871794872, "adversarial_filtered_semi_supervised_acc": NaN, "adversarial_unfilted_semi_supervised_acc": 80.08814102564102, "semi_supervised_acc": 89.97646135739505, "timestamp": 1513007794.7464948, "previous_chkpt": ""}