{"disc_loss": 4.939684867858887, "gen_losses": [18.364511489868164], "non_adversarial_classification_accuracy": 0.0, "adversarial_classification_accuracy": 0.00030048076923076925, "adversarial_uncertainty_correct": 0.9881872534751892, "adversarial_uncertainty_incorrect": 0.9935603141784668, "supervised_acc": 46.78485576923077, "adversarial_filtered_semi_supervised_acc": 33.333333333333336, "adversarial_unfilted_semi_supervised_acc": 20.81330128205128, "semi_supervised_acc": NaN, "timestamp": 1513005206.9206228, "previous_chkpt": ""}