{"disc_loss": 1.0453282594680786, "gen_losses": [0.8335669636726379, 0.979910135269165, 0.8653607964515686, 1.078466773033142, 1.8037402629852295, 0.9446014761924744, 0.8289523124694824, 0.9351710081100464, 0.7907528877258301, 0.9050599932670593, 1.3249808549880981, 1.646437644958496, 1.126327395439148, 1.1464009284973145, 1.24374258518219, 0.8170090913772583, 2.049513101577759, 0.9981112480163574, 1.5998789072036743, 1.091286063194275, 0.8086909055709839, 1.0081762075424194, 1.3097234964370728, 0.9330110549926758, 0.7223321199417114, 1.5935214757919312, 2.2354228496551514, 1.1929107904434204, 0.8933994174003601, 1.8867287635803223, 1.6091784238815308, 0.743898332118988, 1.069330096244812, 1.2487093210220337, 1.483270287513733, 0.9394571185112, 0.4676562249660492, 0.9159287214279175, 0.5384730100631714, 0.8273285031318665], "non_adversarial_classification_accuracy": 0.42017227564102566, "adversarial_classification_accuracy": 0.0, "adversarial_uncertainty_correct": 0.9999995231628418, "adversarial_uncertainty_incorrect": 0.9999999403953552, "supervised_acc": 87.2295673076923, "adversarial_filtered_semi_supervised_acc": NaN, "adversarial_unfilted_semi_supervised_acc": 41.22596153846154, "semi_supervised_acc": 94.73182359952324, "timestamp": 1513020620.0942092, "previous_chkpt": "/home/ubuntu/ORIE6741_bayesgan/results/mcmc-4_basic_iterative/model_1600"}