{"disc_loss": 1.1476693153381348, "gen_losses": [1.1466797590255737, 1.3690141439437866, 1.2703992128372192, 1.166995882987976, 1.8973841667175293, 0.9868436455726624, 1.3961044549942017, 0.9357167482376099, 1.1505053043365479, 1.1675900220870972, 1.5567997694015503, 1.830288052558899, 1.4358837604522705, 1.3394782543182373, 1.3157225847244263, 1.2066147327423096, 1.8034286499023438, 1.417376160621643, 1.2486975193023682, 1.4321253299713135, 1.5279513597488403, 0.9305617809295654, 1.7796058654785156, 0.8176373839378357, 1.0891265869140625, 2.150304079055786, 1.842841625213623, 1.3077479600906372, 1.2184937000274658, 1.9762115478515625, 1.4080840349197388, 0.778056800365448, 1.193899154663086, 1.7919892072677612, 1.5710971355438232, 1.4266088008880615, 0.7809829115867615, 1.163161277770996, 0.7766353487968445, 0.972236156463623], "non_adversarial_classification_accuracy": 0.33834134615384615, "adversarial_classification_accuracy": 0.0, "adversarial_uncertainty_correct": 0.9999989867210388, "adversarial_uncertainty_incorrect": 0.9999997019767761, "supervised_acc": 85.9775641025641, "adversarial_filtered_semi_supervised_acc": NaN, "adversarial_unfilted_semi_supervised_acc": 49.05849358974359, "semi_supervised_acc": 94.07933688573121, "timestamp": 1513016543.449905, "previous_chkpt": "/home/ubuntu/ORIE6741_bayesgan/results/mcmc-4_basic_iterative/model_1200"}