{"disc_loss": 1.2039762735366821, "gen_losses": [0.6400927305221558, 0.7388186454772949, 0.7521795034408569, 0.7197304964065552, 1.186455249786377, 0.6327407956123352, 0.649296760559082, 0.41486606001853943, 0.6667342782020569, 0.46906915307044983, 0.6691399216651917, 0.9318033456802368, 0.6105002760887146, 0.78611159324646, 0.7108688354492188, 0.5828862190246582, 1.5116653442382812, 0.8967301845550537, 0.8538472652435303, 0.8170906901359558, 0.5871656537055969, 0.6440880298614502, 0.7539145946502686, 0.5283334851264954, 0.7611053586006165, 1.3540360927581787, 0.8973917961120605, 1.0955092906951904, 0.7279977202415466, 0.9042227268218994, 1.0179656744003296, 0.5865824818611145, 0.6820098161697388, 1.0610923767089844, 0.8117448687553406, 0.7084200382232666, 0.4668949842453003, 0.6116589903831482, 0.467189222574234, 0.6266070604324341], "non_adversarial_classification_accuracy": 0.6971153846153846, "adversarial_classification_accuracy": 0.0, "adversarial_uncertainty_correct": 0.9999985694885254, "adversarial_uncertainty_incorrect": 0.9999994039535522, "supervised_acc": 82.44190705128206, "adversarial_filtered_semi_supervised_acc": NaN, "adversarial_unfilted_semi_supervised_acc": 51.49238782051282, "semi_supervised_acc": 93.80747126436782, "timestamp": 1513014556.5429144, "previous_chkpt": "/home/ubuntu/ORIE6741_bayesgan/results/mcmc-4_basic_iterative/model_800"}