{"disc_loss": 1.143407940864563, "gen_losses": [0.7539548277854919, 0.6308314204216003, 0.674074649810791, 0.5223877429962158, 1.1389331817626953, 0.5299807786941528, 0.6529762744903564, 0.4163293242454529, 0.7598671317100525, 0.6292920112609863, 0.7241403460502625, 0.9800187349319458, 0.7405945658683777, 0.6624832153320312, 0.7703313827514648, 0.7876188158988953, 1.6064363718032837, 1.1157208681106567, 1.1315122842788696, 0.829808235168457, 0.9120649099349976, 0.8743625283241272, 0.7972963452339172, 0.533366858959198, 0.7300370335578918, 1.1266433000564575, 1.2472158670425415, 1.0086511373519897, 0.6433955430984497, 1.3870114088058472, 1.0173910856246948, 0.5649710893630981, 0.8130420446395874, 0.732441246509552, 1.1516759395599365, 0.5917426943778992, 0.5020272135734558, 0.8088974356651306, 0.5401036739349365, 0.5838556885719299], "non_adversarial_classification_accuracy": 0.5739182692307693, "adversarial_classification_accuracy": 0.0, "adversarial_uncertainty_correct": 0.9999997615814209, "adversarial_uncertainty_incorrect": 0.9999998211860657, "supervised_acc": 87.29967948717949, "adversarial_filtered_semi_supervised_acc": NaN, "adversarial_unfilted_semi_supervised_acc": 41.10576923076923, "semi_supervised_acc": 95.0087260034904, "timestamp": 1513021318.534639, "previous_chkpt": "/home/ubuntu/ORIE6741_bayesgan/results/mcmc-4_basic_iterative/model_1600"}