{"disc_loss": 1.6292901039123535, "gen_losses": [1.3773458003997803, 1.3707596063613892, 1.549665927886963, 1.3280867338180542, 2.166778326034546, 2.269213914871216, 2.0950775146484375, 1.1310046911239624, 1.8260529041290283, 1.8837995529174805, 1.516615390777588, 2.909036874771118, 1.873775601387024, 2.1110329627990723, 2.713350296020508, 1.6241495609283447, 1.5155775547027588, 1.9013808965682983, 2.452378511428833, 1.8095812797546387, 1.5156501531600952, 1.903700590133667, 1.5234239101409912, 1.7354198694229126, 1.4529744386672974, 4.271926403045654, 1.9024710655212402, 1.4905526638031006, 1.6660863161087036, 2.371757984161377, 2.1060519218444824, 1.583726406097412, 1.5043249130249023, 1.499327301979065, 1.9320002794265747, 1.5097465515136719, 1.3474124670028687, 1.582808256149292, 1.1808651685714722, 1.8480453491210938], "non_adversarial_classification_accuracy": 0.5224358974358975, "adversarial_classification_accuracy": 0.00020032051282051281, "adversarial_uncertainty_correct": 0.986369788646698, "adversarial_uncertainty_incorrect": 0.9920892119407654, "supervised_acc": 78.18509615384616, "adversarial_filtered_semi_supervised_acc": 100.0, "adversarial_unfilted_semi_supervised_acc": 82.58213141025641, "semi_supervised_acc": 93.82668711656441, "timestamp": 1513007098.3837986, "previous_chkpt": ""}