{"disc_loss": 0.6255136132240295, "gen_losses": [1.9957257509231567, 2.259037494659424, 1.7518178224563599, 2.206136703491211, 1.5358924865722656, 1.7695962190628052, 1.7630983591079712, 1.94614839553833, 1.935060739517212, 1.9009736776351929], "non_adversarial_classification_accuracy": 0.5333533653846154, "adversarial_classification_accuracy": 0.0, "adversarial_uncertainty_correct": 0.9999918341636658, "adversarial_uncertainty_incorrect": 0.999997615814209, "supervised_acc": 92.59815705128206, "adversarial_filtered_semi_supervised_acc": NaN, "adversarial_unfilted_semi_supervised_acc": 51.01161858974359, "semi_supervised_acc": 96.84507042253522, "timestamp": 1512775692.0123389, "previous_chkpt": "/home/ubuntu/ORIE6741_bayesgan/results/mcmc-1/model_3000"}