{"disc_loss": 0.7047383189201355, "gen_losses": [1.1649984121322632, 1.8677031993865967, 1.6882907152175903, 2.378023624420166, 1.1763378381729126, 1.4989125728607178, 1.6717814207077026, 1.2357134819030762, 1.0973252058029175, 1.555432677268982], "non_adversarial_classification_accuracy": 0.6391225961538461, "adversarial_classification_accuracy": 0.0, "adversarial_uncertainty_correct": 0.9999788999557495, "adversarial_uncertainty_incorrect": 0.9999930262565613, "supervised_acc": 92.83854166666667, "adversarial_filtered_semi_supervised_acc": NaN, "adversarial_unfilted_semi_supervised_acc": 52.37379807692308, "semi_supervised_acc": 96.7403228334117, "timestamp": 1512773693.7811189, "previous_chkpt": "/home/ubuntu/ORIE6741_bayesgan/results/mcmc-1/model_2200"}