{"disc_loss": 0.7991077303886414, "gen_losses": [1.0941543579101562, 0.8371596932411194, 0.8091631531715393, 1.436748743057251, 0.675064742565155, 0.9862739443778992, 0.9897790551185608, 1.090854287147522, 0.7534195780754089, 1.129779577255249], "non_adversarial_classification_accuracy": 0.7896634615384616, "adversarial_classification_accuracy": 0.0, "adversarial_uncertainty_correct": 0.9998922348022461, "adversarial_uncertainty_incorrect": 0.999943196773529, "supervised_acc": 92.40785256410257, "adversarial_filtered_semi_supervised_acc": NaN, "adversarial_unfilted_semi_supervised_acc": 54.35697115384615, "semi_supervised_acc": 96.43581938102486, "timestamp": 1512771296.971211, "previous_chkpt": "/home/ubuntu/ORIE6741_bayesgan/results/mcmc-1/model_1400"}