{"disc_loss": 0.8722965121269226, "gen_losses": [1.2002233266830444, 1.1985244750976562, 0.8612156510353088, 1.4931870698928833, 0.9579776525497437, 1.2182060480117798, 1.2689659595489502, 1.5366730690002441, 1.1934986114501953, 1.1761726140975952], "non_adversarial_classification_accuracy": 0.7215544871794872, "adversarial_classification_accuracy": 0.0, "adversarial_uncertainty_correct": 0.9999812841415405, "adversarial_uncertainty_incorrect": 0.9999929666519165, "supervised_acc": 92.83854166666667, "adversarial_filtered_semi_supervised_acc": NaN, "adversarial_unfilted_semi_supervised_acc": 50.110176282051285, "semi_supervised_acc": 97.61243753470295, "timestamp": 1512774591.1722012, "previous_chkpt": "/home/ubuntu/ORIE6741_bayesgan/results/mcmc-1/model_2600"}