{"disc_loss": 0.900198221206665, "gen_losses": [1.4883674383163452, 1.6571389436721802, 1.550046682357788, 2.2441580295562744, 1.321557879447937, 1.1079176664352417, 2.2507362365722656, 1.3001080751419067, 1.4790712594985962, 1.5286861658096313], "non_adversarial_classification_accuracy": 0.47155448717948717, "adversarial_classification_accuracy": 0.0, "adversarial_uncertainty_correct": 0.9999530911445618, "adversarial_uncertainty_incorrect": 0.9999873638153076, "supervised_acc": 90.68509615384616, "adversarial_filtered_semi_supervised_acc": NaN, "adversarial_unfilted_semi_supervised_acc": 57.79246794871795, "semi_supervised_acc": 96.60152931180968, "timestamp": 1512772942.8890724, "previous_chkpt": "/home/ubuntu/ORIE6741_bayesgan/results/mcmc-1/model_2000"}