{"disc_loss": 1.0898995399475098, "gen_losses": [1.1671618223190308, 1.2877858877182007, 0.9660578966140747, 1.730208396911621, 1.132311224937439, 1.210200548171997, 1.2689001560211182, 1.4005887508392334, 1.340751051902771, 1.4681036472320557], "non_adversarial_classification_accuracy": 0.6096754807692307, "adversarial_classification_accuracy": 0.0, "adversarial_uncertainty_correct": 0.9997709393501282, "adversarial_uncertainty_incorrect": 0.999877393245697, "supervised_acc": 87.35977564102564, "adversarial_filtered_semi_supervised_acc": NaN, "adversarial_unfilted_semi_supervised_acc": 58.76402243589744, "semi_supervised_acc": 94.8743223262691, "timestamp": 1512769309.819059, "previous_chkpt": "/home/ubuntu/ORIE6741_bayesgan/results/mcmc-1/model_600"}