{"disc_loss": 1.0871834754943848, "gen_losses": [2.04266619682312, 1.965652346611023, 1.8548717498779297, 2.381391763687134, 1.643316626548767, 1.862452745437622, 2.0522384643554688, 1.945672869682312, 1.6647719144821167, 1.6649805307388306], "non_adversarial_classification_accuracy": 0.44120592948717946, "adversarial_classification_accuracy": 0.0, "adversarial_uncertainty_correct": 0.9998977780342102, "adversarial_uncertainty_incorrect": 0.9999414086341858, "supervised_acc": 90.18429487179488, "adversarial_filtered_semi_supervised_acc": NaN, "adversarial_unfilted_semi_supervised_acc": 63.53165064102564, "semi_supervised_acc": 97.38933030646992, "timestamp": 1512770198.2587287, "previous_chkpt": "/home/ubuntu/ORIE6741_bayesgan/results/mcmc-1/model_1000"}