{"disc_loss": 1.0399101972579956, "gen_losses": [1.5962631702423096, 1.8341033458709717, 1.7482668161392212, 1.9363276958465576, 1.5831197500228882, 2.031132698059082, 2.515533924102783, 2.3807778358459473, 1.7708840370178223, 2.017535448074341], "non_adversarial_classification_accuracy": 0.4243790064102564, "adversarial_classification_accuracy": 0.0, "adversarial_uncertainty_correct": 0.9999825358390808, "adversarial_uncertainty_incorrect": 0.999994695186615, "supervised_acc": 92.96875, "adversarial_filtered_semi_supervised_acc": NaN, "adversarial_unfilted_semi_supervised_acc": 62.239583333333336, "semi_supervised_acc": 96.7901817323578, "timestamp": 1512774041.457205, "previous_chkpt": "/home/ubuntu/ORIE6741_bayesgan/results/mcmc-1/model_2400"}