{"disc_loss": 1.1227046251296997, "gen_losses": [1.7367291450500488, 2.273721694946289, 1.972563624382019, 1.9407116174697876, 1.54582941532135, 2.1718356609344482, 1.753028154373169, 1.7693005800247192, 1.835362434387207, 2.1630709171295166], "non_adversarial_classification_accuracy": 0.5639022435897436, "adversarial_classification_accuracy": 0.0, "adversarial_uncertainty_correct": 0.9999824166297913, "adversarial_uncertainty_incorrect": 0.9999926686286926, "supervised_acc": 91.86698717948718, "adversarial_filtered_semi_supervised_acc": NaN, "adversarial_unfilted_semi_supervised_acc": 56.79086538461539, "semi_supervised_acc": 96.69626998223801, "timestamp": 1512772047.65014, "previous_chkpt": "/home/ubuntu/ORIE6741_bayesgan/results/mcmc-1/model_1600"}