{"disc_loss": 0.7666019797325134, "gen_losses": [1.3888700008392334, 2.0024430751800537, 1.1341723203659058, 2.2645909786224365, 1.2031123638153076, 1.5300383567810059, 2.2523350715637207, 1.1341519355773926, 1.8689371347427368, 1.8071461915969849], "non_adversarial_classification_accuracy": 0.4934895833333333, "adversarial_classification_accuracy": 0.0, "adversarial_uncertainty_correct": 0.9999902844429016, "adversarial_uncertainty_incorrect": 0.9999979734420776, "supervised_acc": 93.40945512820512, "adversarial_filtered_semi_supervised_acc": NaN, "adversarial_unfilted_semi_supervised_acc": 58.56370192307692, "semi_supervised_acc": 97.78770042622286, "timestamp": 1512776797.0099666, "previous_chkpt": "/home/ubuntu/ORIE6741_bayesgan/results/mcmc-1/model_3400"}