{"disc_loss": 1.213912844657898, "gen_losses": [2.5712478160858154, 3.0187296867370605, 2.142364263534546, 2.9681406021118164, 2.3308870792388916, 2.112238883972168, 2.549415349960327, 2.6514041423797607, 2.652648448944092, 2.7118711471557617], "non_adversarial_classification_accuracy": 0.28535657051282054, "adversarial_classification_accuracy": 0.0, "adversarial_uncertainty_correct": 0.9999886155128479, "adversarial_uncertainty_incorrect": 0.9999963641166687, "supervised_acc": 91.76682692307692, "adversarial_filtered_semi_supervised_acc": NaN, "adversarial_unfilted_semi_supervised_acc": 59.40504807692308, "semi_supervised_acc": 97.54299754299754, "timestamp": 1512772393.817633, "previous_chkpt": "/home/ubuntu/ORIE6741_bayesgan/results/mcmc-1/model_1800"}