{"disc_loss": 0.8625554442405701, "gen_losses": [2.163560390472412, 1.844688892364502, 1.853172779083252, 2.458631753921509, 1.0947948694229126, 1.5668357610702515, 2.653088331222534, 1.918891429901123, 1.6443430185317993, 1.2680999040603638], "non_adversarial_classification_accuracy": 0.5035056089743589, "adversarial_classification_accuracy": 0.0, "adversarial_uncertainty_correct": 0.9999819993972778, "adversarial_uncertainty_incorrect": 0.9999952912330627, "supervised_acc": 93.42948717948718, "adversarial_filtered_semi_supervised_acc": NaN, "adversarial_unfilted_semi_supervised_acc": 53.50560897435897, "semi_supervised_acc": 97.59299781181619, "timestamp": 1512775342.4904294, "previous_chkpt": "/home/ubuntu/ORIE6741_bayesgan/results/mcmc-1/model_2800"}