{"disc_loss": 1.1302733421325684, "gen_losses": [1.6631890535354614, 1.9010266065597534, 1.4214881658554077, 1.4814239740371704, 1.4263592958450317, 1.5871106386184692, 2.0428197383880615, 1.748578429222107, 1.68686044216156, 1.5438644886016846], "non_adversarial_classification_accuracy": 0.3981370192307692, "adversarial_classification_accuracy": 0.0, "adversarial_uncertainty_correct": 0.9989587664604187, "adversarial_uncertainty_incorrect": 0.9993423819541931, "supervised_acc": 85.76722756410257, "adversarial_filtered_semi_supervised_acc": NaN, "adversarial_unfilted_semi_supervised_acc": 71.92508012820512, "semi_supervised_acc": 93.53459119496856, "timestamp": 1512768766.875513, "previous_chkpt": "/home/ubuntu/ORIE6741_bayesgan/results/mcmc-1/model_400"}