{"disc_loss": 0.7634829878807068, "gen_losses": [1.4254151582717896, 1.517825722694397, 1.5255876779556274, 1.6394734382629395, 0.938645601272583, 1.2347726821899414, 1.7315490245819092, 1.5195287466049194, 1.2328293323516846, 1.45174241065979], "non_adversarial_classification_accuracy": 0.6603565705128205, "adversarial_classification_accuracy": 0.0, "adversarial_uncertainty_correct": 0.9999905824661255, "adversarial_uncertainty_incorrect": 0.9999961853027344, "supervised_acc": 91.9170673076923, "adversarial_filtered_semi_supervised_acc": NaN, "adversarial_unfilted_semi_supervised_acc": 49.919871794871796, "semi_supervised_acc": 96.92097679356894, "timestamp": 1512772595.2987585, "previous_chkpt": "/home/ubuntu/ORIE6741_bayesgan/results/mcmc-1/model_1800"}