{"disc_loss": 0.9378629326820374, "gen_losses": [0.9884335994720459, 1.2586209774017334, 0.7011929750442505, 0.9090055823326111, 1.0186419486999512, 0.8482248187065125, 1.2893692255020142, 0.9536524415016174, 1.0146193504333496, 0.8969162106513977], "non_adversarial_classification_accuracy": 0.819511217948718, "adversarial_classification_accuracy": 0.0, "adversarial_uncertainty_correct": 0.9999957084655762, "adversarial_uncertainty_incorrect": 0.9999986886978149, "supervised_acc": 92.68830128205128, "adversarial_filtered_semi_supervised_acc": NaN, "adversarial_unfilted_semi_supervised_acc": 43.21915064102564, "semi_supervised_acc": 97.32339281349303, "timestamp": 1512775894.9546325, "previous_chkpt": "/home/ubuntu/ORIE6741_bayesgan/results/mcmc-1/model_3000"}