{"disc_loss": 0.6605728268623352, "gen_losses": [1.9090566635131836, 2.1541171073913574, 1.7631663084030151, 2.8216843605041504, 1.707920789718628, 2.1541433334350586, 2.266150712966919, 2.278377056121826, 1.8089293241500854, 2.1163532733917236], "non_adversarial_classification_accuracy": 0.5170272435897436, "adversarial_classification_accuracy": 0.0, "adversarial_uncertainty_correct": 0.999998927116394, "adversarial_uncertainty_incorrect": 0.9999997615814209, "supervised_acc": 93.94030448717949, "adversarial_filtered_semi_supervised_acc": NaN, "adversarial_unfilted_semi_supervised_acc": 54.817708333333336, "semi_supervised_acc": 97.09414955443627, "timestamp": 1512778112.877385, "previous_chkpt": "/home/ubuntu/ORIE6741_bayesgan/results/mcmc-1/model_3800"}