{"disc_loss": 1.0729773044586182, "gen_losses": [0.9217706322669983, 1.0368152856826782, 0.8725373148918152, 1.034826636314392, 0.8753083348274231, 1.0249840021133423, 0.7879440188407898, 0.7048143148422241, 1.261910319328308, 1.094680666923523], "non_adversarial_classification_accuracy": 0.8261217948717948, "adversarial_classification_accuracy": 0.0, "adversarial_uncertainty_correct": 0.9998617768287659, "adversarial_uncertainty_incorrect": 0.9999245405197144, "supervised_acc": 88.5516826923077, "adversarial_filtered_semi_supervised_acc": NaN, "adversarial_unfilted_semi_supervised_acc": 52.50400641025641, "semi_supervised_acc": 95.28370514064015, "timestamp": 1512769655.405663, "previous_chkpt": "/home/ubuntu/ORIE6741_bayesgan/results/mcmc-1/model_800"}