{"disc_loss": 0.7558463215827942, "gen_losses": [1.3570700883865356, 1.6947261095046997, 1.412782073020935, 1.3883516788482666, 1.0798484086990356, 1.4946460723876953, 1.60886549949646, 1.7605154514312744, 1.2244457006454468, 1.434651255607605], "non_adversarial_classification_accuracy": 0.6586538461538461, "adversarial_classification_accuracy": 0.0, "adversarial_uncertainty_correct": 0.9999503493309021, "adversarial_uncertainty_incorrect": 0.9999807476997375, "supervised_acc": 92.40785256410257, "adversarial_filtered_semi_supervised_acc": NaN, "adversarial_unfilted_semi_supervised_acc": 55.759214743589745, "semi_supervised_acc": 96.16788321167883, "timestamp": 1512771499.0646176, "previous_chkpt": "/home/ubuntu/ORIE6741_bayesgan/results/mcmc-1/model_1400"}