{"disc_loss": 0.9063836932182312, "gen_losses": [3.221759557723999, 3.004136323928833, 2.593982458114624, 3.009033441543579, 1.9538542032241821, 2.635538101196289, 3.704031229019165, 3.443255662918091, 3.3468732833862305, 2.41593861579895], "non_adversarial_classification_accuracy": 0.36047676282051283, "adversarial_classification_accuracy": 0.0, "adversarial_uncertainty_correct": 0.9999954700469971, "adversarial_uncertainty_incorrect": 0.9999991059303284, "supervised_acc": 93.65985576923077, "adversarial_filtered_semi_supervised_acc": NaN, "adversarial_unfilted_semi_supervised_acc": 54.98798076923077, "semi_supervised_acc": 97.11030841900528, "timestamp": 1512777911.1387837, "previous_chkpt": "/home/ubuntu/ORIE6741_bayesgan/results/mcmc-1/model_3800"}