{"disc_loss": 0.7745270729064941, "gen_losses": [2.4900968074798584, 1.6970665454864502, 2.060269832611084, 3.748249053955078, 1.9345201253890991, 2.211496353149414, 2.838186502456665, 2.211714267730713, 2.2603659629821777, 1.9791702032089233], "non_adversarial_classification_accuracy": 0.4859775641025641, "adversarial_classification_accuracy": 0.0, "adversarial_uncertainty_correct": 0.9999978542327881, "adversarial_uncertainty_incorrect": 0.9999995827674866, "supervised_acc": 93.48958333333333, "adversarial_filtered_semi_supervised_acc": NaN, "adversarial_unfilted_semi_supervised_acc": 52.82451923076923, "semi_supervised_acc": 97.34130255564716, "timestamp": 1512776998.973423, "previous_chkpt": "/home/ubuntu/ORIE6741_bayesgan/results/mcmc-1/model_3400"}