{"disc_loss": 1.501181960105896, "gen_losses": [0.6367164254188538, 0.6442925333976746, 0.6257481575012207, 1.0398473739624023, 0.768388569355011, 0.6668545603752136, 0.6860721111297607, 0.5862886905670166, 0.5433859825134277, 1.0495907068252563], "non_adversarial_classification_accuracy": 0.8613782051282052, "adversarial_classification_accuracy": 0.07371794871794872, "adversarial_uncertainty_correct": 0.7806711196899414, "adversarial_uncertainty_incorrect": 0.8046581149101257, "supervised_acc": 77.82451923076923, "adversarial_filtered_semi_supervised_acc": 71.60326086956522, "adversarial_unfilted_semi_supervised_acc": 65.05408653846153, "semi_supervised_acc": 89.81395348837209, "timestamp": 1512767674.1168087, "previous_chkpt": ""}