{"disc_loss": 1.2337462902069092, "gen_losses": [1.203597903251648, 0.9283716678619385, 0.6695051789283752, 1.3369600772857666, 1.0206842422485352, 0.9237269163131714, 1.2546688318252563, 1.0084584951400757, 1.0073310136795044, 0.8530038595199585], "non_adversarial_classification_accuracy": 0.7068309294871795, "adversarial_classification_accuracy": 0.0, "adversarial_uncertainty_correct": 0.9882954359054565, "adversarial_uncertainty_incorrect": 0.9890089631080627, "supervised_acc": 85.70713141025641, "adversarial_filtered_semi_supervised_acc": NaN, "adversarial_unfilted_semi_supervised_acc": 78.67588141025641, "semi_supervised_acc": 93.56667139010911, "timestamp": 1512768568.3027112, "previous_chkpt": "/home/ubuntu/ORIE6741_bayesgan/results/mcmc-1/model_400"}