{"disc_loss": 1.2455583810806274, "gen_losses": [1.405710220336914, 1.8025307655334473, 1.8053117990493774, 2.0178723335266113, 1.5158408880233765, 1.7990930080413818, 1.5584744215011597, 1.6784788370132446, 1.4887605905532837, 1.8043041229248047], "non_adversarial_classification_accuracy": 0.5119190705128205, "adversarial_classification_accuracy": 0.0, "adversarial_uncertainty_correct": 0.9835072159767151, "adversarial_uncertainty_incorrect": 0.9896673560142517, "supervised_acc": 81.88100961538461, "adversarial_filtered_semi_supervised_acc": NaN, "adversarial_unfilted_semi_supervised_acc": 75.16025641025641, "semi_supervised_acc": 94.48248874975543, "timestamp": 1512768021.6389382, "previous_chkpt": "/home/ubuntu/ORIE6741_bayesgan/results/mcmc-1/model_200"}