{"disc_loss": 1.0821338891983032, "gen_losses": [0.7536590695381165, 0.7229858636856079, 0.7563660740852356, 0.7771403193473816, 1.0702056884765625, 0.5932203531265259, 0.9924067258834839, 1.137668490409851, 0.7362722754478455, 0.8499032855033875], "non_adversarial_classification_accuracy": 0.8248197115384616, "adversarial_classification_accuracy": 0.0, "adversarial_uncertainty_correct": 0.9995905756950378, "adversarial_uncertainty_incorrect": 0.9997687339782715, "supervised_acc": 87.38982371794872, "adversarial_filtered_semi_supervised_acc": NaN, "adversarial_unfilted_semi_supervised_acc": 54.80769230769231, "semi_supervised_acc": 94.59623557984214, "timestamp": 1512769111.3589783, "previous_chkpt": "/home/ubuntu/ORIE6741_bayesgan/results/mcmc-1/model_600"}