{"disc_loss": 0.9864566326141357, "gen_losses": [0.6622564792633057, 0.6991457343101501, 0.8769858479499817, 0.9902780652046204, 0.5780773162841797, 0.47578489780426025, 0.9667515754699707, 0.8044148087501526, 0.5667631030082703, 0.8204428553581238], "non_adversarial_classification_accuracy": 0.8664863782051282, "adversarial_classification_accuracy": 0.0, "adversarial_uncertainty_correct": 0.9998507499694824, "adversarial_uncertainty_incorrect": 0.9999261498451233, "supervised_acc": 88.56169871794872, "adversarial_filtered_semi_supervised_acc": NaN, "adversarial_unfilted_semi_supervised_acc": 54.036458333333336, "semi_supervised_acc": 95.67680036989944, "timestamp": 1512769853.9380195, "previous_chkpt": "/home/ubuntu/ORIE6741_bayesgan/results/mcmc-1/model_800"}