{"disc_loss": 0.9775506258010864, "gen_losses": [0.9742228984832764, 0.9607373476028442, 0.8088136911392212, 1.6484850645065308, 0.9674666523933411, 0.8838245868682861, 1.5049002170562744, 1.2427914142608643, 0.7620192766189575, 1.0417511463165283], "non_adversarial_classification_accuracy": 0.8346354166666666, "adversarial_classification_accuracy": 0.0, "adversarial_uncertainty_correct": 0.9999983310699463, "adversarial_uncertainty_incorrect": 0.999999463558197, "supervised_acc": 93.17908653846153, "adversarial_filtered_semi_supervised_acc": NaN, "adversarial_unfilted_semi_supervised_acc": 46.23397435897436, "semi_supervised_acc": 97.70790831633265, "timestamp": 1512777354.4256523, "previous_chkpt": "/home/ubuntu/ORIE6741_bayesgan/results/mcmc-1/model_3600"}