{"disc_loss": 0.9023469090461731, "gen_losses": [0.4659121632575989, 0.7345741391181946, 0.9543809294700623, 1.1770596504211426, 0.4684039354324341, 0.5245351195335388, 0.7857096791267395, 0.8227624297142029, 1.0358433723449707, 0.9352071285247803], "non_adversarial_classification_accuracy": 0.8641826923076923, "adversarial_classification_accuracy": 0.0, "adversarial_uncertainty_correct": 0.9999951124191284, "adversarial_uncertainty_incorrect": 0.9999985694885254, "supervised_acc": 92.41786858974359, "adversarial_filtered_semi_supervised_acc": NaN, "adversarial_unfilted_semi_supervised_acc": 46.09375, "semi_supervised_acc": 97.1256374594344, "timestamp": 1512776245.002442, "previous_chkpt": "/home/ubuntu/ORIE6741_bayesgan/results/mcmc-1/model_3200"}