{"disc_loss": 0.6178469657897949, "gen_losses": [1.442434310913086, 1.2228381633758545, 1.4563465118408203, 2.1089634895324707, 1.2904953956604004, 1.7081105709075928, 1.989675760269165, 1.6676113605499268, 1.3493530750274658, 1.6278680562973022], "non_adversarial_classification_accuracy": 0.7012219551282052, "adversarial_classification_accuracy": 0.0, "adversarial_uncertainty_correct": 0.9999982118606567, "adversarial_uncertainty_incorrect": 0.9999996423721313, "supervised_acc": 93.37940705128206, "adversarial_filtered_semi_supervised_acc": NaN, "adversarial_unfilted_semi_supervised_acc": 48.59775641025641, "semi_supervised_acc": 97.51464076560491, "timestamp": 1512777562.0313044, "previous_chkpt": "/home/ubuntu/ORIE6741_bayesgan/results/mcmc-1/model_3600"}