{"disc_loss": 0.9196536540985107, "gen_losses": [1.4321345090866089, 1.5303922891616821, 1.3129774332046509, 2.5618603229522705, 1.3213419914245605, 1.2638529539108276, 2.019484043121338, 1.9625657796859741, 1.7141051292419434, 1.4754743576049805], "non_adversarial_classification_accuracy": 0.5901442307692307, "adversarial_classification_accuracy": 0.0, "adversarial_uncertainty_correct": 0.9999890327453613, "adversarial_uncertainty_incorrect": 0.999995768070221, "supervised_acc": 93.02884615384616, "adversarial_filtered_semi_supervised_acc": NaN, "adversarial_unfilted_semi_supervised_acc": 56.12980769230769, "semi_supervised_acc": 97.28445349626612, "timestamp": 1512774793.148473, "previous_chkpt": "/home/ubuntu/ORIE6741_bayesgan/results/mcmc-1/model_2600"}