{"disc_loss": 0.7045468091964722, "gen_losses": [2.0580878257751465, 2.4574286937713623, 1.7518417835235596, 2.777827739715576, 1.6209090948104858, 2.3220574855804443, 1.9992130994796753, 2.087578296661377, 1.9558161497116089, 2.3123562335968018], "non_adversarial_classification_accuracy": 0.4836738782051282, "adversarial_classification_accuracy": 0.0, "adversarial_uncertainty_correct": 0.9999921321868896, "adversarial_uncertainty_incorrect": 0.9999970197677612, "supervised_acc": 93.0889423076923, "adversarial_filtered_semi_supervised_acc": NaN, "adversarial_unfilted_semi_supervised_acc": 50.98157051282051, "semi_supervised_acc": 97.01801615241251, "timestamp": 1512774243.711995, "previous_chkpt": "/home/ubuntu/ORIE6741_bayesgan/results/mcmc-1/model_2400"}