{"disc_loss": 0.8854923844337463, "gen_losses": [1.155524492263794, 1.2442344427108765, 1.1331409215927124, 1.5794236660003662, 1.0133095979690552, 1.1661750078201294, 1.5276564359664917, 1.3798801898956299, 1.326803207397461, 1.22892427444458], "non_adversarial_classification_accuracy": 0.7028245192307693, "adversarial_classification_accuracy": 0.0, "adversarial_uncertainty_correct": 0.9999592900276184, "adversarial_uncertainty_incorrect": 0.9999863505363464, "supervised_acc": 91.74679487179488, "adversarial_filtered_semi_supervised_acc": NaN, "adversarial_unfilted_semi_supervised_acc": 54.80769230769231, "semi_supervised_acc": 96.87900812312954, "timestamp": 1512771845.880824, "previous_chkpt": "/home/ubuntu/ORIE6741_bayesgan/results/mcmc-1/model_1600"}