{"disc_loss": 1.459560513496399, "gen_losses": [1.3176960945129395, 1.154038906097412, 1.0739049911499023, 1.9398789405822754, 1.618505597114563, 1.5004464387893677, 1.3425014019012451, 1.1285910606384277, 1.283066987991333, 1.675384759902954], "non_adversarial_classification_accuracy": 0.8471554487179487, "adversarial_classification_accuracy": 0.05518830128205128, "adversarial_uncertainty_correct": 0.8397135734558105, "adversarial_uncertainty_incorrect": 0.9247087836265564, "supervised_acc": 77.63421474358974, "adversarial_filtered_semi_supervised_acc": 96.37023593466425, "adversarial_unfilted_semi_supervised_acc": 69.99198717948718, "semi_supervised_acc": 90.89619295341689, "timestamp": 1512767472.3895438, "previous_chkpt": ""}