{"disc_loss": 0.755992591381073, "gen_losses": [2.2375731468200684, 2.1285791397094727, 1.7849445343017578, 2.757439136505127, 1.7950009107589722, 1.512966513633728, 2.1573307514190674, 1.8738021850585938, 1.9673383235931396, 2.0298376083374023], "non_adversarial_classification_accuracy": 0.4924879807692308, "adversarial_classification_accuracy": 0.0, "adversarial_uncertainty_correct": 0.9999223351478577, "adversarial_uncertainty_incorrect": 0.999959409236908, "supervised_acc": 91.51642628205128, "adversarial_filtered_semi_supervised_acc": NaN, "adversarial_unfilted_semi_supervised_acc": 54.35697115384615, "semi_supervised_acc": 95.56640227781168, "timestamp": 1512770949.1216497, "previous_chkpt": "/home/ubuntu/ORIE6741_bayesgan/results/mcmc-1/model_1200"}