{"disc_loss": 0.8281020522117615, "gen_losses": [1.973149061203003, 1.8589296340942383, 1.9221673011779785, 1.9595125913619995, 1.4610497951507568, 1.5213184356689453, 2.100541830062866, 1.8422106504440308, 1.3253004550933838, 1.685834288597107], "non_adversarial_classification_accuracy": 0.48818108974358976, "adversarial_classification_accuracy": 0.0, "adversarial_uncertainty_correct": 0.9999396800994873, "adversarial_uncertainty_incorrect": 0.9999606609344482, "supervised_acc": 90.38461538461539, "adversarial_filtered_semi_supervised_acc": NaN, "adversarial_unfilted_semi_supervised_acc": 55.1181891025641, "semi_supervised_acc": 95.89659417316372, "timestamp": 1512770400.0969265, "previous_chkpt": "/home/ubuntu/ORIE6741_bayesgan/results/mcmc-1/model_1000"}