{"disc_loss": 0.6029601693153381, "gen_losses": [1.8087846040725708, 2.5319395065307617, 1.8859655857086182, 2.3961074352264404, 0.93965083360672, 1.8643932342529297, 2.8451099395751953, 2.179544448852539, 1.5743786096572876, 1.9031184911727905], "non_adversarial_classification_accuracy": 0.5030048076923077, "adversarial_classification_accuracy": 0.0, "adversarial_uncertainty_correct": 0.9999890923500061, "adversarial_uncertainty_incorrect": 0.9999961256980896, "supervised_acc": 90.84535256410257, "adversarial_filtered_semi_supervised_acc": NaN, "adversarial_unfilted_semi_supervised_acc": 52.053285256410255, "semi_supervised_acc": 97.03305455993628, "timestamp": 1512773145.2274384, "previous_chkpt": "/home/ubuntu/ORIE6741_bayesgan/results/mcmc-1/model_2000"}