{"disc_loss": 0.6743246912956238, "gen_losses": [2.022709846496582, 2.568817615509033, 1.4583816528320312, 2.0268397331237793, 1.070095419883728, 1.7715015411376953, 1.921155333518982, 1.7375584840774536, 1.482163429260254, 1.6965148448944092], "non_adversarial_classification_accuracy": 0.6129807692307693, "adversarial_classification_accuracy": 0.0, "adversarial_uncertainty_correct": 0.9999956488609314, "adversarial_uncertainty_incorrect": 0.9999982714653015, "supervised_acc": 93.34935897435898, "adversarial_filtered_semi_supervised_acc": NaN, "adversarial_unfilted_semi_supervised_acc": 51.77283653846154, "semi_supervised_acc": 97.09150326797386, "timestamp": 1512775140.4128296, "previous_chkpt": "/home/ubuntu/ORIE6741_bayesgan/results/mcmc-1/model_2800"}