{"disc_loss": 0.9893355369567871, "gen_losses": [1.1334178447723389, 1.1177641153335571, 0.9967091679573059, 1.5600309371948242, 0.9258867502212524, 1.1941325664520264, 1.5435014963150024, 1.016761302947998, 1.2125064134597778, 1.3214887380599976], "non_adversarial_classification_accuracy": 0.7610176282051282, "adversarial_classification_accuracy": 0.0, "adversarial_uncertainty_correct": 0.9999078512191772, "adversarial_uncertainty_incorrect": 0.9999564290046692, "supervised_acc": 91.37620192307692, "adversarial_filtered_semi_supervised_acc": NaN, "adversarial_unfilted_semi_supervised_acc": 52.17347756410256, "semi_supervised_acc": 96.59120821268755, "timestamp": 1512770746.6783996, "previous_chkpt": "/home/ubuntu/ORIE6741_bayesgan/results/mcmc-1/model_1200"}