{"disc_loss": 0.9693300724029541, "gen_losses": [1.6641185283660889, 1.4252861738204956, 1.7707895040512085, 1.5079998970031738, 1.460221767425537, 1.2447829246520996, 1.281042456626892, 1.4952048063278198, 1.2511111497879028, 1.4253884553909302], "non_adversarial_classification_accuracy": 0.5300480769230769, "adversarial_classification_accuracy": 0.0, "adversarial_uncertainty_correct": 0.9915636777877808, "adversarial_uncertainty_incorrect": 0.991122841835022, "supervised_acc": 81.94110576923077, "adversarial_filtered_semi_supervised_acc": NaN, "adversarial_unfilted_semi_supervised_acc": 73.29727564102564, "semi_supervised_acc": 93.00831443688587, "timestamp": 1512768223.8277059, "previous_chkpt": "/home/ubuntu/ORIE6741_bayesgan/results/mcmc-1/model_200"}