{"disc_loss": 0.8195581436157227, "gen_losses": [1.7103407382965088, 1.6598409414291382, 1.9074289798736572, 2.2077033519744873, 1.139322280883789, 1.2685760259628296, 1.9524664878845215, 1.9219791889190674, 1.3739451169967651, 1.6624011993408203], "non_adversarial_classification_accuracy": 0.6597556089743589, "adversarial_classification_accuracy": 0.0, "adversarial_uncertainty_correct": 0.9999979734420776, "adversarial_uncertainty_incorrect": 0.9999992251396179, "supervised_acc": 92.52804487179488, "adversarial_filtered_semi_supervised_acc": NaN, "adversarial_unfilted_semi_supervised_acc": 48.75801282051282, "semi_supervised_acc": 96.8422650675573, "timestamp": 1512776447.4962218, "previous_chkpt": "/home/ubuntu/ORIE6741_bayesgan/results/mcmc-1/model_3200"}