{"disc_loss": 0.7022044062614441, "gen_losses": [1.9775077104568481, 2.0414772033691406, 1.8985345363616943, 2.292163610458374, 1.7182252407073975, 2.1200027465820312, 2.8115296363830566, 2.139131546020508, 1.6946531534194946, 1.6118305921554565], "non_adversarial_classification_accuracy": 0.4234775641025641, "adversarial_classification_accuracy": 0.0, "adversarial_uncertainty_correct": 0.9999775886535645, "adversarial_uncertainty_incorrect": 0.9999920129776001, "supervised_acc": 92.80849358974359, "adversarial_filtered_semi_supervised_acc": NaN, "adversarial_unfilted_semi_supervised_acc": 58.43349358974359, "semi_supervised_acc": 96.90160832544939, "timestamp": 1512773492.1537652, "previous_chkpt": "/home/ubuntu/ORIE6741_bayesgan/results/mcmc-1/model_2200"}