{"disc_loss": 1.1873310804367065, "gen_losses": [1.6320430040359497, 1.8009772300720215, 1.549301028251648, 1.4680520296096802, 1.536730170249939, 1.8789342641830444, 1.3906137943267822, 1.4609167575836182, 1.7886759042739868, 2.0141029357910156, 2.425337791442871, 1.4691179990768433, 1.7720491886138916, 2.1926896572113037, 1.642480731010437, 1.25654137134552, 1.311120629310608, 1.3243029117584229, 1.7044576406478882, 1.6181702613830566, 1.8126596212387085, 1.2520020008087158, 1.9503389596939087, 2.63857364654541, 1.3539516925811768, 1.7626562118530273, 1.5755293369293213, 1.2729496955871582, 2.975339412689209, 1.4485052824020386, 1.7471944093704224, 1.7330055236816406, 1.540907621383667, 2.3804588317871094, 1.8070266246795654, 1.1052114963531494, 1.9829885959625244, 1.2805284261703491, 1.8810502290725708, 1.6547876596450806, 1.5495915412902832, 2.245980978012085, 1.5969922542572021, 1.801613688468933, 1.2871936559677124, 1.9035283327102661, 2.488374948501587, 1.1696544885635376, 1.7140346765518188, 1.1409703493118286, 1.7963283061981201, 2.014648675918579, 1.5809862613677979, 1.893053650856018, 1.3723102807998657, 1.5102607011795044, 1.5889918804168701, 2.2956809997558594, 1.3906798362731934, 1.674245834350586], "non_adversarial_classification_accuracy": 0.12379807692307693, "adversarial_classification_accuracy": 0.0, "adversarial_uncertainty_correct": 0.9999902844429016, "adversarial_uncertainty_incorrect": 0.999995768070221, "supervised_acc": 88.49158653846153, "adversarial_filtered_semi_supervised_acc": NaN, "adversarial_unfilted_semi_supervised_acc": 64.36298076923077, "semi_supervised_acc": 94.1747572815534, "timestamp": 1513017934.346911, "previous_chkpt": "/home/ubuntu/ORIE6741_bayesgan/results/mcmc-6/model_1200"}