{"disc_loss": 1.1535719633102417, "gen_losses": [1.2864381074905396, 1.3446282148361206, 0.862955629825592, 0.7888420820236206, 1.063518762588501, 1.3411678075790405, 0.8795117735862732, 1.394652247428894, 0.8348322510719299, 1.036820411682129, 1.227002739906311, 1.004881739616394, 1.3228602409362793, 1.22279953956604, 0.9362614750862122, 0.7581369280815125, 0.8277568817138672, 0.8007179498672485, 1.1135374307632446, 1.3788464069366455, 0.9512361884117126, 0.8947643637657166, 1.0230470895767212, 0.93620365858078, 0.9478627443313599, 1.129654884338379, 1.1496604681015015, 0.9261798858642578, 1.2154819965362549, 1.0533212423324585, 1.5262802839279175, 1.0127958059310913, 1.1181740760803223, 1.4203150272369385, 1.1266814470291138, 0.8589597344398499, 1.4768213033676147, 1.1908135414123535, 0.9532049894332886, 1.108934760093689, 0.9483029842376709, 1.3392096757888794, 1.046474575996399, 1.0362670421600342, 1.00470769405365, 0.9878727793693542, 1.1162736415863037, 1.0850332975387573, 0.754605770111084, 0.945457398891449, 0.8510900139808655, 1.1614857912063599, 0.9025525450706482, 1.2725415229797363, 0.7677689790725708, 0.9561426639556885, 0.8638234734535217, 1.302520751953125, 1.1322342157363892, 1.4215577840805054], "non_adversarial_classification_accuracy": 0.39393028846153844, "adversarial_classification_accuracy": 0.0, "adversarial_uncertainty_correct": 0.9999057650566101, "adversarial_uncertainty_incorrect": 0.9999299645423889, "supervised_acc": 80.5088141025641, "adversarial_filtered_semi_supervised_acc": NaN, "adversarial_unfilted_semi_supervised_acc": 60.20633012820513, "semi_supervised_acc": 87.00737350622934, "timestamp": 1512981700.0649893, "previous_chkpt": "/home/ubuntu/ORIE6741_bayesgan/results/mcmc-6/model_400"}