{"disc_loss": 1.3519580364227295, "gen_losses": [1.287386178970337, 1.0337861776351929, 0.6572681069374084, 0.6384592652320862, 0.8047907948493958, 0.891974925994873, 0.8815984129905701, 1.2129948139190674, 0.6908223628997803, 1.2302000522613525, 1.1183357238769531, 0.9780519008636475, 1.0629676580429077, 0.6092908382415771, 0.7498522996902466, 0.7788105607032776, 0.6494112014770508, 0.5498644113540649, 0.6184267401695251, 0.7690291404724121, 1.0547739267349243, 0.7145233750343323, 0.759117603302002, 1.1927472352981567, 0.5343709588050842, 0.7035927176475525, 0.6665798425674438, 0.7523806095123291, 1.189718246459961, 0.928889274597168, 0.6237004995346069, 1.0481009483337402, 0.6624293923377991, 1.022255539894104, 0.8686577677726746, 0.535213828086853, 1.569368600845337, 0.753379225730896, 0.7677289247512817, 1.0119867324829102, 0.5300477147102356, 1.5464354753494263, 0.6055324077606201, 0.6925016641616821, 0.8982003927230835, 0.7965012192726135, 1.395790696144104, 0.7882702946662903, 0.8748209476470947, 0.6390137076377869, 0.5149497389793396, 0.8715955018997192, 0.960679829120636, 0.7549870610237122, 0.6221304535865784, 0.7422971129417419, 0.5033354163169861, 1.6741204261779785, 0.8024605512619019, 0.7319786548614502], "non_adversarial_classification_accuracy": 0.5052083333333334, "adversarial_classification_accuracy": 0.0, "adversarial_uncertainty_correct": 0.9999925494194031, "adversarial_uncertainty_incorrect": 0.9999949932098389, "supervised_acc": 88.23116987179488, "adversarial_filtered_semi_supervised_acc": NaN, "adversarial_unfilted_semi_supervised_acc": 53.99639423076923, "semi_supervised_acc": 94.21094369547978, "timestamp": 1513021041.9575698, "previous_chkpt": "/home/ubuntu/ORIE6741_bayesgan/results/mcmc-6/model_1600"}