{"disc_loss": 1.1307333707809448, "gen_losses": [0.9293896555900574, 0.8405873775482178, 0.6714022159576416, 0.597080647945404, 0.646406352519989, 0.7171701788902283, 0.5267156362533569, 0.8704662322998047, 0.43306222558021545, 0.7265316247940063, 1.4788532257080078, 0.6498457789421082, 1.0529216527938843, 0.7604418992996216, 0.7418885231018066, 0.9406282305717468, 0.6128844022750854, 0.6066668629646301, 0.7078986167907715, 0.5713868141174316, 0.9608157277107239, 0.8167535066604614, 0.6025531888008118, 1.039220929145813, 1.0092381238937378, 0.7729174494743347, 0.7113384008407593, 0.6435442566871643, 0.9158190488815308, 0.5880481600761414, 0.5558674335479736, 0.6695464849472046, 0.573711633682251, 1.207342505455017, 0.8800371885299683, 0.7662471532821655, 0.8636795282363892, 0.860924243927002, 0.7317997813224792, 0.8029330372810364, 0.6321108341217041, 0.9570569396018982, 1.0215649604797363, 0.5475776791572571, 0.6661279201507568, 0.8105294108390808, 0.9102884531021118, 0.7227320671081543, 0.6551311612129211, 0.6157792806625366, 0.5803053379058838, 0.9904730916023254, 0.5982977747917175, 0.8255506753921509, 0.5390251874923706, 0.7094985246658325, 0.6326779127120972, 0.9912538528442383, 0.5062030553817749, 0.9257847666740417], "non_adversarial_classification_accuracy": 0.6015625, "adversarial_classification_accuracy": 0.0, "adversarial_uncertainty_correct": 0.9999655485153198, "adversarial_uncertainty_incorrect": 0.9999731183052063, "supervised_acc": 87.5801282051282, "adversarial_filtered_semi_supervised_acc": NaN, "adversarial_unfilted_semi_supervised_acc": 59.05448717948718, "semi_supervised_acc": 93.25674325674326, "timestamp": 1513010612.3093243, "previous_chkpt": "/home/ubuntu/ORIE6741_bayesgan/results/mcmc-6/model_800"}