{"disc_loss": 1.1208922863006592, "gen_losses": [1.4303513765335083, 1.195009708404541, 1.0060076713562012, 0.6033012866973877, 0.9944285154342651, 0.7501365542411804, 0.9259408116340637, 0.9760562181472778, 1.030563473701477, 1.1083210706710815, 1.7836626768112183, 1.3840614557266235, 1.490960717201233, 0.7889665961265564, 1.018066644668579, 0.7141311764717102, 0.5894500017166138, 1.0341700315475464, 0.9378143548965454, 0.5674684643745422, 0.9392394423484802, 0.731981635093689, 0.8646335601806641, 1.377856731414795, 1.1370303630828857, 1.0754237174987793, 0.8396576642990112, 0.5930300354957581, 1.1664704084396362, 0.8191214203834534, 0.7534792423248291, 0.9827559590339661, 0.9936351180076599, 1.7102110385894775, 1.1202733516693115, 0.7945181131362915, 1.4058786630630493, 1.4046870470046997, 0.8263197541236877, 0.9802711606025696, 0.861927330493927, 1.4238462448120117, 1.0172641277313232, 1.1185016632080078, 0.7592850923538208, 0.8146310448646545, 1.317639946937561, 0.729163646697998, 0.8410640358924866, 0.7219023704528809, 0.7549930810928345, 1.0575867891311646, 0.9404603242874146, 0.9010332822799683, 0.6831287145614624, 1.1273125410079956, 0.8496941924095154, 1.3914031982421875, 0.7194444537162781, 0.8252819776535034], "non_adversarial_classification_accuracy": 0.426181891025641, "adversarial_classification_accuracy": 0.0, "adversarial_uncertainty_correct": 0.9999869465827942, "adversarial_uncertainty_incorrect": 0.9999911189079285, "supervised_acc": 88.44150641025641, "adversarial_filtered_semi_supervised_acc": NaN, "adversarial_unfilted_semi_supervised_acc": 58.13301282051282, "semi_supervised_acc": 93.06698002350176, "timestamp": 1513016887.7230742, "previous_chkpt": "/home/ubuntu/ORIE6741_bayesgan/results/mcmc-6/model_1200"}