{"disc_loss": 1.1427017450332642, "gen_losses": [1.2440431118011475, 1.3632009029388428, 1.0082660913467407, 0.9227144122123718, 1.0314993858337402, 1.2363677024841309, 0.6524052023887634, 1.3823027610778809, 0.9148088693618774, 1.6061538457870483, 1.905653953552246, 1.131578803062439, 1.4244561195373535, 1.0624794960021973, 0.7845932245254517, 0.9728102684020996, 0.6835818886756897, 0.8942199945449829, 1.1163395643234253, 1.220503568649292, 1.120489478111267, 1.0641285181045532, 1.10875403881073, 1.3598506450653076, 1.0293877124786377, 1.1200551986694336, 1.3948003053665161, 0.9545137286186218, 1.559293508529663, 1.4054512977600098, 0.9600420594215393, 1.0392863750457764, 1.1406099796295166, 1.546924352645874, 1.2957533597946167, 1.0026074647903442, 1.848176121711731, 1.0741134881973267, 0.9847193360328674, 1.2514170408248901, 0.7620673179626465, 1.4473822116851807, 1.0920557975769043, 0.9721799492835999, 0.7331543564796448, 0.9251579642295837, 1.9522535800933838, 0.9168211221694946, 1.0237030982971191, 0.7358134984970093, 0.8535232543945312, 1.4297823905944824, 0.9672877788543701, 1.3121052980422974, 0.7716352343559265, 1.1665399074554443, 1.0940170288085938, 1.9024618864059448, 0.6725693941116333, 1.3225688934326172], "non_adversarial_classification_accuracy": 0.37680288461538464, "adversarial_classification_accuracy": 0.0, "adversarial_uncertainty_correct": 0.9999886751174927, "adversarial_uncertainty_incorrect": 0.9999921321868896, "supervised_acc": 88.30128205128206, "adversarial_filtered_semi_supervised_acc": NaN, "adversarial_unfilted_semi_supervised_acc": 59.73557692307692, "semi_supervised_acc": 92.90271132376395, "timestamp": 1513015835.9840038, "previous_chkpt": "/home/ubuntu/ORIE6741_bayesgan/results/mcmc-6/model_1200"}