{"disc_loss": 1.229160189628601, "gen_losses": [1.0893219709396362, 1.3416086435317993, 0.7218848466873169, 0.8782423138618469, 0.9339649677276611, 0.7835130095481873, 0.5870507955551147, 1.188407063484192, 0.9025375247001648, 1.388771414756775, 1.911009669303894, 1.006127119064331, 1.1251800060272217, 1.06993567943573, 0.7193267345428467, 0.8742729425430298, 0.6972163319587708, 0.9002200365066528, 0.9198785424232483, 0.9436731338500977, 1.0268476009368896, 0.8081398010253906, 0.9104499816894531, 1.0815963745117188, 0.895473062992096, 0.9921602606773376, 0.8903815150260925, 0.835911214351654, 1.5416648387908936, 1.0123480558395386, 0.7628851532936096, 1.1857078075408936, 0.7012597918510437, 1.2993947267532349, 1.1792131662368774, 0.9125546813011169, 1.551184058189392, 1.175149917602539, 1.183456540107727, 1.0876483917236328, 1.0814632177352905, 1.386038064956665, 0.8789297342300415, 0.9185791015625, 0.7015504837036133, 1.1277669668197632, 1.5491105318069458, 0.9005478620529175, 0.8934391140937805, 0.8515795469284058, 0.7407456040382385, 1.0647354125976562, 0.6905368566513062, 0.9427414536476135, 0.874178409576416, 0.9950803518295288, 0.8299577236175537, 1.4728460311889648, 0.8476682901382446, 1.0768868923187256], "non_adversarial_classification_accuracy": 0.45783253205128205, "adversarial_classification_accuracy": 0.0, "adversarial_uncertainty_correct": 0.9997658729553223, "adversarial_uncertainty_incorrect": 0.9998509883880615, "supervised_acc": 80.48878205128206, "adversarial_filtered_semi_supervised_acc": NaN, "adversarial_unfilted_semi_supervised_acc": 67.21754807692308, "semi_supervised_acc": 87.6832203019033, "timestamp": 1512980704.0433571, "previous_chkpt": "/home/ubuntu/ORIE6741_bayesgan/results/mcmc-6/model_400"}