{"disc_loss": 1.4030474424362183, "gen_losses": [1.469095230102539, 1.5899776220321655, 1.487841248512268, 1.1873821020126343, 1.4328904151916504, 1.3221372365951538, 1.051748514175415, 1.1173428297042847, 1.161716341972351, 1.1180380582809448, 1.7149238586425781, 1.1125725507736206, 1.308659553527832, 1.3278580904006958, 0.9568460583686829, 0.9303726553916931, 1.114961862564087, 1.0887665748596191, 1.0452791452407837, 0.8470721244812012, 1.048801302909851, 0.8580482006072998, 1.4408842325210571, 1.07437002658844, 0.9291462302207947, 1.2212591171264648, 1.1681113243103027, 1.0006941556930542, 1.577021837234497, 1.0081868171691895, 0.9008137583732605, 1.1983041763305664, 1.4215171337127686, 1.647152066230774, 1.2029169797897339, 0.8395503163337708, 1.159430742263794, 1.052815556526184, 1.0916048288345337, 1.4020099639892578, 1.0154380798339844, 1.8808091878890991, 0.9182448387145996, 0.9628075957298279, 0.9616300463676453, 0.9684964418411255, 1.493017315864563, 1.1936355829238892, 1.1724293231964111, 1.134987473487854, 0.9383841753005981, 1.3021787405014038, 0.8229937553405762, 1.3466938734054565, 0.6725978255271912, 1.2527261972427368, 1.2550474405288696, 1.1517492532730103, 0.9764124155044556, 1.518284559249878], "non_adversarial_classification_accuracy": 0.4115584935897436, "adversarial_classification_accuracy": 0.0, "adversarial_uncertainty_correct": 0.9996893405914307, "adversarial_uncertainty_incorrect": 0.9997259378433228, "supervised_acc": 80.24839743589743, "adversarial_filtered_semi_supervised_acc": NaN, "adversarial_unfilted_semi_supervised_acc": 72.95673076923077, "semi_supervised_acc": 88.78072523728402, "timestamp": 1512979707.505343, "previous_chkpt": "/home/ubuntu/ORIE6741_bayesgan/results/mcmc-6/model_400"}