{"disc_loss": 1.569676399230957, "gen_losses": [1.1235944032669067, 1.2689273357391357, 1.2464860677719116, 1.0695438385009766, 1.3200901746749878, 0.9445211887359619, 0.8953498005867004, 1.365060567855835, 0.9815472960472107, 1.464250087738037, 2.5585501194000244, 1.219847321510315, 1.0283641815185547, 0.7316006422042847, 0.8987682461738586, 1.281315803527832, 1.1994420289993286, 1.2012838125228882, 1.3306339979171753, 1.5208815336227417, 0.9829298853874207, 1.0948638916015625, 1.3315843343734741, 0.9513131380081177, 1.0428451299667358, 1.400591254234314, 1.452568769454956, 1.050794005393982, 1.4685238599777222, 1.1471741199493408, 0.9364204406738281, 1.253291368484497, 1.0820950269699097, 1.2703993320465088, 1.2680946588516235, 1.4477254152297974, 1.235950231552124, 1.0635100603103638, 1.030019760131836, 1.0274156332015991, 1.2693181037902832, 1.205701231956482, 0.9984676837921143, 1.1297390460968018, 0.8554645776748657, 1.1559845209121704, 1.4188860654830933, 1.3831325769424438, 0.986276388168335, 1.0552897453308105, 1.0366313457489014, 1.3280035257339478, 1.083664059638977, 1.1491601467132568, 1.1178548336029053, 1.0781904458999634, 0.9224213361740112, 1.21112859249115, 1.4137192964553833, 1.2032535076141357], "non_adversarial_classification_accuracy": 0.4580328525641026, "adversarial_classification_accuracy": 0.002003205128205128, "adversarial_uncertainty_correct": 0.950113832950592, "adversarial_uncertainty_incorrect": 0.9404305219650269, "supervised_acc": 77.23357371794872, "adversarial_filtered_semi_supervised_acc": 100.0, "adversarial_unfilted_semi_supervised_acc": 81.44030448717949, "semi_supervised_acc": 87.14191996501202, "timestamp": 1512975757.04739, "previous_chkpt": ""}