{"disc_loss": 1.1413151025772095, "gen_losses": [1.2213165760040283, 0.9603321552276611, 0.7954226732254028, 0.6518900394439697, 0.8512234687805176, 0.7816001772880554, 0.781731903553009, 0.9695765972137451, 0.8937268853187561, 1.013413429260254, 1.2641963958740234, 1.02106773853302, 1.105851173400879, 0.8934222459793091, 1.1263947486877441, 0.8359917998313904, 0.5430293679237366, 0.7970958948135376, 1.022796869277954, 0.8290413618087769, 0.986702561378479, 0.6114833354949951, 0.7758817672729492, 1.1828533411026, 0.7665358185768127, 0.9595301747322083, 0.8253695964813232, 0.5656201839447021, 1.2038041353225708, 0.7640753984451294, 0.7483401298522949, 0.9756688475608826, 0.8554086089134216, 1.2094736099243164, 1.281341791152954, 0.8676772117614746, 0.8908841013908386, 1.1806026697158813, 0.8623783588409424, 1.0308043956756592, 0.9294800758361816, 1.3144115209579468, 0.7876043915748596, 0.9054833650588989, 0.8954188227653503, 0.8735042810440063, 1.213588833808899, 0.5607938170433044, 0.7306884527206421, 0.78754061460495, 0.8692713975906372, 1.010133147239685, 0.8904277682304382, 1.2517813444137573, 0.7356914281845093, 0.9147090911865234, 0.594750702381134, 1.1625146865844727, 0.640435516834259, 1.2368042469024658], "non_adversarial_classification_accuracy": 0.4872796474358974, "adversarial_classification_accuracy": 0.0, "adversarial_uncertainty_correct": 0.9999781250953674, "adversarial_uncertainty_incorrect": 0.9999827742576599, "supervised_acc": 87.74038461538461, "adversarial_filtered_semi_supervised_acc": NaN, "adversarial_unfilted_semi_supervised_acc": 58.60376602564103, "semi_supervised_acc": 91.24357656731758, "timestamp": 1513012710.3432724, "previous_chkpt": "/home/ubuntu/ORIE6741_bayesgan/results/mcmc-6/model_800"}