{"disc_loss": 1.093097448348999, "gen_losses": [1.026512861251831, 1.4125183820724487, 0.8246985077857971, 0.6785485148429871, 1.0326632261276245, 1.0003079175949097, 0.7112747430801392, 0.9548712968826294, 0.6605100035667419, 0.9507619142532349, 1.4616529941558838, 0.9160325527191162, 1.1623836755752563, 0.5382677912712097, 1.2537975311279297, 0.8966503739356995, 0.44333750009536743, 0.9008530378341675, 1.0311437845230103, 0.7486888766288757, 0.6364243626594543, 0.8181139826774597, 0.8275160193443298, 1.025800347328186, 0.9499741196632385, 0.949126124382019, 0.977094292640686, 0.6723315119743347, 1.3730754852294922, 1.049216866493225, 0.6087093353271484, 1.0090577602386475, 0.873306393623352, 1.1761717796325684, 0.9870001673698425, 0.5710614323616028, 1.133119821548462, 0.8637559413909912, 0.8366729021072388, 1.055381178855896, 0.8541954755783081, 1.3565025329589844, 0.6302538514137268, 0.8027845025062561, 0.6545788645744324, 0.7798248529434204, 1.1352002620697021, 0.6544481515884399, 0.6487049460411072, 0.5391027331352234, 0.8555662631988525, 0.7989391088485718, 0.5878979563713074, 0.8410327434539795, 0.672296941280365, 0.9398221373558044, 0.7192518711090088, 1.3981350660324097, 0.6478105783462524, 1.0904897451400757], "non_adversarial_classification_accuracy": 0.480869391025641, "adversarial_classification_accuracy": 0.0, "adversarial_uncertainty_correct": 0.9999895095825195, "adversarial_uncertainty_incorrect": 0.9999923706054688, "supervised_acc": 88.14102564102564, "adversarial_filtered_semi_supervised_acc": NaN, "adversarial_unfilted_semi_supervised_acc": 59.56530448717949, "semi_supervised_acc": 93.77213080608206, "timestamp": 1513014788.5394125, "previous_chkpt": "/home/ubuntu/ORIE6741_bayesgan/results/mcmc-6/model_1200"}