{"disc_loss": 1.1404459476470947, "gen_losses": [1.6794325113296509, 1.8720537424087524, 1.1057685613632202, 1.1934778690338135, 1.4889440536499023, 1.8257683515548706, 1.1659446954727173, 1.435863733291626, 1.2812247276306152, 1.6153813600540161, 2.0405828952789307, 1.1574958562850952, 1.4751412868499756, 1.5091944932937622, 1.1040191650390625, 1.0883100032806396, 1.2633267641067505, 1.3553882837295532, 1.445372462272644, 1.4015463590621948, 1.4373078346252441, 1.122930645942688, 1.4458143711090088, 2.047626256942749, 1.2101421356201172, 1.4949063062667847, 1.5714141130447388, 1.5450491905212402, 2.5202622413635254, 1.492331624031067, 1.4193894863128662, 1.6454559564590454, 1.0536056756973267, 2.1711509227752686, 1.332968831062317, 1.1124314069747925, 1.7119414806365967, 1.3858799934387207, 1.8336141109466553, 1.8155697584152222, 1.4579617977142334, 1.9886401891708374, 1.2026481628417969, 1.2280863523483276, 1.1359456777572632, 1.3758282661437988, 1.9353001117706299, 1.5338588953018188, 1.5206878185272217, 1.7218022346496582, 1.1859370470046997, 2.1859562397003174, 1.6677594184875488, 1.623631477355957, 0.966372013092041, 1.2910829782485962, 1.381007194519043, 1.8965306282043457, 1.2991769313812256, 1.6504493951797485], "non_adversarial_classification_accuracy": 0.17177483974358973, "adversarial_classification_accuracy": 0.0, "adversarial_uncertainty_correct": 0.9999956488609314, "adversarial_uncertainty_incorrect": 0.9999971389770508, "supervised_acc": 88.17107371794872, "adversarial_filtered_semi_supervised_acc": NaN, "adversarial_unfilted_semi_supervised_acc": 62.209535256410255, "semi_supervised_acc": 94.57725947521865, "timestamp": 1513019995.740789, "previous_chkpt": "/home/ubuntu/ORIE6741_bayesgan/results/mcmc-6/model_1600"}