{"disc_loss": 1.0445963144302368, "gen_losses": [1.3863345384597778, 1.449823021888733, 1.099301815032959, 1.2312662601470947, 1.3059232234954834, 1.3940385580062866, 0.9815781712532043, 1.3192449808120728, 1.3179337978363037, 1.3595837354660034, 2.1400928497314453, 1.490536093711853, 1.6057308912277222, 1.3306032419204712, 1.239099144935608, 1.2139592170715332, 1.174201488494873, 1.4522919654846191, 1.1888760328292847, 1.2548707723617554, 1.5677052736282349, 1.163931965827942, 1.252656102180481, 1.5140208005905151, 1.1066912412643433, 1.386817216873169, 1.2194215059280396, 1.0657713413238525, 1.9159504175186157, 1.221615195274353, 1.148759365081787, 1.2438043355941772, 1.263290286064148, 1.673024296760559, 1.0791653394699097, 1.1660981178283691, 1.7913899421691895, 1.2240188121795654, 1.1675359010696411, 1.4451268911361694, 1.4280706644058228, 1.6143659353256226, 1.4853147268295288, 1.1224238872528076, 0.8907791376113892, 1.5622602701187134, 1.958163857460022, 1.1697869300842285, 1.2938086986541748, 0.9708759188652039, 0.9304064512252808, 1.5577625036239624, 1.3946070671081543, 1.5974920988082886, 0.9700499176979065, 1.5426015853881836, 0.95354825258255, 1.9042985439300537, 0.8388333320617676, 1.8935357332229614], "non_adversarial_classification_accuracy": 0.2549078525641026, "adversarial_classification_accuracy": 0.0, "adversarial_uncertainty_correct": 0.9999826550483704, "adversarial_uncertainty_incorrect": 0.9999895095825195, "supervised_acc": 87.70032051282051, "adversarial_filtered_semi_supervised_acc": NaN, "adversarial_unfilted_semi_supervised_acc": 63.62179487179487, "semi_supervised_acc": 94.14538310412574, "timestamp": 1513011662.907173, "previous_chkpt": "/home/ubuntu/ORIE6741_bayesgan/results/mcmc-6/model_800"}