{"disc_loss": 1.163234829902649, "gen_losses": [0.9942212700843811, 1.004070520401001, 0.8809059262275696, 1.1251118183135986, 0.8472109436988831, 0.9152807593345642, 0.5012868642807007, 1.0300793647766113, 0.6857869625091553, 1.365330696105957, 1.5082634687423706, 0.8703005909919739, 0.8214576244354248, 0.8169755339622498, 1.0640065670013428, 0.8621034622192383, 0.7289510369300842, 0.5152439475059509, 0.6351920962333679, 1.1245143413543701, 0.5552591681480408, 0.47588521242141724, 0.7824999094009399, 0.83403480052948, 0.8290892243385315, 0.8568954467773438, 1.2888360023498535, 0.5083211064338684, 1.4496431350708008, 0.9433978199958801, 1.246744990348816, 1.0463168621063232, 0.5935868620872498, 1.2451478242874146, 0.7964600920677185, 0.7356816530227661, 1.1245684623718262, 0.7933405637741089, 0.9853610396385193, 1.0772868394851685, 0.9485591053962708, 1.0976049900054932, 0.7665532231330872, 0.6603035926818848, 0.7332780957221985, 0.9808415770530701, 1.2133984565734863, 0.6143239140510559, 0.6976429224014282, 0.6439388394355774, 0.6130142211914062, 0.9190402030944824, 0.5891710519790649, 0.8740450739860535, 0.7641414403915405, 1.0873310565948486, 0.7682462334632874, 1.2629534006118774, 0.8170883059501648, 0.9210986495018005], "non_adversarial_classification_accuracy": 0.43579727564102566, "adversarial_classification_accuracy": 0.0, "adversarial_uncertainty_correct": 0.9999952912330627, "adversarial_uncertainty_incorrect": 0.999996542930603, "supervised_acc": 88.38141025641026, "adversarial_filtered_semi_supervised_acc": NaN, "adversarial_unfilted_semi_supervised_acc": 55.859375, "semi_supervised_acc": 94.32314410480349, "timestamp": 1513022091.8578193, "previous_chkpt": "/home/ubuntu/ORIE6741_bayesgan/results/mcmc-6/model_1600"}