{"disc_loss": 1.490712285041809, "gen_losses": [0.9723535180091858, 1.0251972675323486, 0.8059987425804138, 0.6568924188613892, 0.798590362071991, 0.7821422815322876, 0.5596952438354492, 0.9377529621124268, 0.9261538982391357, 0.817730188369751, 1.4127053022384644, 0.7344765663146973, 0.892458975315094, 0.8212662935256958, 0.799219012260437, 0.9022363424301147, 0.7027873992919922, 0.6163102388381958, 0.8402908444404602, 0.5571705102920532, 0.8550766706466675, 0.750216543674469, 0.8801804780960083, 0.8599247932434082, 0.6674953699111938, 1.0422974824905396, 0.6603617668151855, 0.64231276512146, 1.166329026222229, 0.6366555094718933, 0.5697954297065735, 0.683771550655365, 0.6369979381561279, 1.1941890716552734, 0.8980112671852112, 0.793050229549408, 0.9367197751998901, 0.7475073933601379, 0.7775517106056213, 1.037894606590271, 0.8081389665603638, 0.8327088356018066, 0.6531551480293274, 0.6853610277175903, 0.6230792999267578, 0.67552649974823, 0.9680318832397461, 0.8360942006111145, 0.8374902009963989, 0.7200146317481995, 0.8702041506767273, 1.228291392326355, 0.7851418852806091, 1.2171399593353271, 0.673335075378418, 0.724704921245575, 0.6440310478210449, 1.0073024034500122, 0.7766703367233276, 0.7981535792350769], "non_adversarial_classification_accuracy": 0.6490384615384616, "adversarial_classification_accuracy": 0.0, "adversarial_uncertainty_correct": 0.9978600144386292, "adversarial_uncertainty_incorrect": 0.9978166818618774, "supervised_acc": 79.84775641025641, "adversarial_filtered_semi_supervised_acc": NaN, "adversarial_unfilted_semi_supervised_acc": 82.40184294871794, "semi_supervised_acc": 91.45061728395062, "timestamp": 1512978709.1438215, "previous_chkpt": "/home/ubuntu/ORIE6741_bayesgan/results/mcmc-6/model_400"}