{"disc_loss": 1.2605488300323486, "gen_losses": [0.8019349575042725, 0.7378031015396118, 0.6714970469474792, 0.6214463114738464, 0.921198308467865, 0.6667683124542236, 0.6179572343826294, 1.2062664031982422, 0.622012734413147, 0.6995594501495361, 1.1103098392486572, 0.7784522771835327, 1.0685456991195679, 0.712369441986084, 0.6827632784843445, 0.5875496864318848, 0.4399603605270386, 0.37978076934814453, 0.6843975186347961, 0.8118017315864563, 0.5831432938575745, 0.6149325370788574, 0.6432363390922546, 1.1306535005569458, 0.8339155316352844, 0.7509238123893738, 0.6927430629730225, 0.7217168807983398, 0.8667347431182861, 0.610356330871582, 0.7163612246513367, 0.8231221437454224, 0.7282754778862, 1.185646891593933, 0.7476493120193481, 0.5303215980529785, 0.715145468711853, 0.7231656312942505, 0.6982786655426025, 0.8234943151473999, 0.6175187826156616, 1.0819802284240723, 0.8733776211738586, 0.5215741991996765, 0.5279303789138794, 0.7553660273551941, 1.1443623304367065, 0.6483334898948669, 0.8330118656158447, 0.5383772850036621, 0.5208646655082703, 0.9362310767173767, 0.6065316200256348, 0.8400142192840576, 0.45211195945739746, 0.8228415250778198, 0.6848692297935486, 0.9308184385299683, 0.6858591437339783, 0.758869469165802], "non_adversarial_classification_accuracy": 0.6222956730769231, "adversarial_classification_accuracy": 0.0, "adversarial_uncertainty_correct": 0.9999582767486572, "adversarial_uncertainty_incorrect": 0.9999687671661377, "supervised_acc": 87.38982371794872, "adversarial_filtered_semi_supervised_acc": NaN, "adversarial_unfilted_semi_supervised_acc": 59.56530448717949, "semi_supervised_acc": 92.08112023177209, "timestamp": 1513009565.3316717, "previous_chkpt": "/home/ubuntu/ORIE6741_bayesgan/results/mcmc-6/model_800"}