{"disc_loss": 1.3978694677352905, "gen_losses": [1.4517886638641357, 0.9576998949050903, 0.8874404430389404, 1.1147725582122803, 1.1955286264419556, 1.2761732339859009, 0.7454705238342285, 0.8710339665412903, 0.7119086384773254, 1.2673866748809814, 3.784213066101074, 0.8375800251960754, 1.1530556678771973, 0.9504644870758057, 0.769257128238678, 0.9535355567932129, 0.9711664319038391, 0.7743238806724548, 0.9660046696662903, 0.8647323846817017, 0.8393567204475403, 0.5836613774299622, 1.156694769859314, 0.7934122681617737, 0.6909056305885315, 0.80662602186203, 0.9121205806732178, 0.8479471206665039, 0.8354079127311707, 0.84621661901474, 0.8815784454345703, 1.9202476739883423, 0.9367523789405823, 1.0135340690612793, 0.8456777334213257, 0.6886162161827087, 1.100468397140503, 0.8547846674919128, 0.8033127188682556, 0.7136085033416748, 0.7919790744781494, 0.9170681834220886, 0.9465890526771545, 0.7067747116088867, 0.6783329248428345, 0.814111053943634, 1.0394760370254517, 1.0068439245224, 0.9105599522590637, 1.0104897022247314, 0.6851083636283875, 0.8929599523544312, 0.8392781019210815, 1.0007609128952026, 0.8145031332969666, 0.9602102637290955, 0.5929173827171326, 1.2176347970962524, 0.7077459692955017, 0.8446095585823059], "non_adversarial_classification_accuracy": 0.7079326923076923, "adversarial_classification_accuracy": 0.0028044871794871795, "adversarial_uncertainty_correct": 0.9246793985366821, "adversarial_uncertainty_incorrect": 0.917487382888794, "supervised_acc": 77.00320512820512, "adversarial_filtered_semi_supervised_acc": 96.42857142857143, "adversarial_unfilted_semi_supervised_acc": 80.26842948717949, "semi_supervised_acc": 88.51160158460668, "timestamp": 1512974755.780837, "previous_chkpt": ""}