{"disc_loss": 1.0446351766586304, "gen_losses": [1.5031012296676636, 1.6136666536331177, 1.2254252433776855, 1.19736647605896, 1.225986361503601, 1.2951416969299316, 0.9472211599349976, 1.3527082204818726, 0.9217971563339233, 1.5077049732208252, 1.6006238460540771, 1.1579710245132446, 1.3235923051834106, 1.5160714387893677, 1.0721782445907593, 0.7866261005401611, 0.7497352361679077, 1.071952223777771, 1.2048207521438599, 1.223760724067688, 1.1606190204620361, 0.8090303540229797, 1.4354825019836426, 1.4790343046188354, 1.22101628780365, 1.26865816116333, 1.22528076171875, 0.7596055269241333, 1.7847083806991577, 1.0602344274520874, 1.0610551834106445, 1.5021053552627563, 0.7496573328971863, 1.7093467712402344, 1.4778473377227783, 0.8361116051673889, 1.7096457481384277, 1.0373293161392212, 1.262731909751892, 1.4904214143753052, 1.141481637954712, 2.104796886444092, 1.0888993740081787, 0.9769513607025146, 1.0879501104354858, 1.2273331880569458, 1.8939690589904785, 1.0569005012512207, 1.379294514656067, 1.0005911588668823, 1.0318106412887573, 1.5585435628890991, 1.0006816387176514, 1.1708296537399292, 1.099971890449524, 1.0225508213043213, 0.893655002117157, 1.532056212425232, 1.1604540348052979, 1.5283772945404053], "non_adversarial_classification_accuracy": 0.27674278846153844, "adversarial_classification_accuracy": 0.0, "adversarial_uncertainty_correct": 0.9999958872795105, "adversarial_uncertainty_incorrect": 0.9999969601631165, "supervised_acc": 88.39142628205128, "adversarial_filtered_semi_supervised_acc": NaN, "adversarial_unfilted_semi_supervised_acc": 54.91786858974359, "semi_supervised_acc": 93.3405718422005, "timestamp": 1513023137.5094702, "previous_chkpt": "/home/ubuntu/ORIE6741_bayesgan/results/mcmc-6/model_1600"}