{"disc_loss": 1.6677032709121704, "gen_losses": [1.6227014064788818, 0.37318646907806396, 0.7837812900543213, 1.234866976737976, 1.715438961982727, 1.0577917098999023, 0.7603614926338196, 0.7346001267433167, 0.8488361835479736, 0.9543166160583496, 3.664696216583252, 0.8745332956314087, 0.5197772979736328, 1.5685455799102783, 1.477446436882019, 0.8836125731468201, 0.6052261590957642, 1.0694185495376587, 1.0099343061447144, 0.7831315994262695, 1.18614661693573, 1.426748275756836, 1.2052319049835205, 2.0189623832702637, 0.9123161435127258, 1.1814968585968018, 0.7177610397338867, 0.4683791399002075, 0.9303688406944275, 0.7133448719978333, 0.9404172301292419, 3.056900978088379, 0.467177152633667, 0.5647983551025391, 0.5151752233505249, 1.2632750272750854, 1.0906528234481812, 0.84486323595047, 1.1096761226654053, 0.355123907327652, 0.7014452815055847, 0.8011471033096313, 0.6176794767379761, 1.1878470182418823, 0.8410322070121765, 0.7858415842056274, 1.4527230262756348, 1.390336275100708, 0.7279130816459656, 0.6363645792007446, 1.1164003610610962, 1.0229402780532837, 0.7401543259620667, 0.9096397757530212, 0.6088583469390869, 0.5860512256622314, 1.1353200674057007, 1.3464783430099487, 1.2395026683807373, 0.8108148574829102], "non_adversarial_classification_accuracy": 0.8149038461538461, "adversarial_classification_accuracy": 0.34525240384615385, "adversarial_uncertainty_correct": 0.5466508865356445, "adversarial_uncertainty_incorrect": 0.8123489618301392, "supervised_acc": 76.76282051282051, "adversarial_filtered_semi_supervised_acc": 90.83260806498404, "adversarial_unfilted_semi_supervised_acc": 72.12540064102564, "semi_supervised_acc": 88.52015732546705, "timestamp": 1512973758.432721, "previous_chkpt": ""}