{"disc_loss": 1.3421393632888794, "gen_losses": [1.1269350051879883, 1.043834924697876, 1.0713673830032349, 0.603492259979248, 1.2632684707641602, 0.7902286052703857, 0.8150514364242554, 1.119293451309204, 0.9782991409301758, 1.0008188486099243, 1.9048380851745605, 0.9776451587677002, 0.904634952545166, 1.1968801021575928, 0.942726194858551, 0.782337486743927, 0.9714207053184509, 0.9122698903083801, 1.0828934907913208, 0.7822433710098267, 1.0102723836898804, 1.1710004806518555, 1.0782089233398438, 1.1681318283081055, 0.9990771412849426, 0.893375039100647, 1.0539236068725586, 0.8067337274551392, 1.3285554647445679, 1.1715648174285889, 0.9186218976974487, 1.0684008598327637, 1.0855834484100342, 1.5611035823822021, 1.015913963317871, 0.82358318567276, 1.2891801595687866, 0.9923871755599976, 0.9291834235191345, 1.0532277822494507, 0.8899073004722595, 1.2198466062545776, 0.8061360716819763, 1.1361119747161865, 0.6822198629379272, 1.206633448600769, 1.161376714706421, 0.8321479558944702, 0.8932865858078003, 0.9302169680595398, 0.8562283515930176, 1.3103009462356567, 0.8112993240356445, 1.0888975858688354, 0.6313214302062988, 1.3038243055343628, 1.026320219039917, 0.901792049407959, 0.9080228805541992, 1.2944316864013672], "non_adversarial_classification_accuracy": 0.5179286858974359, "adversarial_classification_accuracy": 0.0, "adversarial_uncertainty_correct": 0.9890043139457703, "adversarial_uncertainty_incorrect": 0.9847502708435059, "supervised_acc": 77.25360576923077, "adversarial_filtered_semi_supervised_acc": NaN, "adversarial_unfilted_semi_supervised_acc": 75.44070512820512, "semi_supervised_acc": 82.59524269967125, "timestamp": 1512976754.1235104, "previous_chkpt": ""}