{"disc_loss": 0.8717913627624512, "gen_losses": [1.0091757774353027, 2.683736562728882, 1.4812225103378296, 1.0186063051223755, 1.2169780731201172, 1.0483649969100952, 1.5187128782272339, 1.87653386592865, 1.1747583150863647, 0.8444292545318604, 0.9830301403999329, 1.6615666151046753, 1.0680872201919556, 0.8428749442100525, 1.4781534671783447, 1.2690492868423462, 1.078311562538147, 1.4182378053665161, 1.569557547569275, 1.279217004776001], "non_adversarial_classification_accuracy": 0.6079727564102564, "adversarial_classification_accuracy": 0.0, "adversarial_uncertainty_correct": 0.9999863505363464, "adversarial_uncertainty_incorrect": 0.9999967813491821, "supervised_acc": 93.05889423076923, "adversarial_filtered_semi_supervised_acc": NaN, "adversarial_unfilted_semi_supervised_acc": 54.14663461538461, "semi_supervised_acc": 97.39703459637562, "timestamp": 1511981819.833405, "previous_chkpt": "/home/ubuntu/ORIE6741_bayesgan/results/adv_test_only_2/model_2600"}