{"disc_loss": 1.2141656875610352, "gen_losses": [0.4827537536621094, 1.3386362791061401, 0.7043624520301819, 0.55558842420578, 0.47596800327301025, 0.37945276498794556, 0.44892144203186035, 0.5832192301750183, 0.648328423500061, 0.6222383975982666, 0.6888591647148132, 0.6996503472328186, 0.4599993824958801, 0.6074044108390808, 0.8110713362693787, 0.3575335741043091, 0.6235530972480774, 0.49445194005966187, 0.5374140739440918, 0.8839015364646912], "non_adversarial_classification_accuracy": 0.8392427884615384, "adversarial_classification_accuracy": 0.0, "adversarial_uncertainty_correct": 0.9993351101875305, "adversarial_uncertainty_incorrect": 0.9997279644012451, "supervised_acc": 88.12099358974359, "adversarial_filtered_semi_supervised_acc": NaN, "adversarial_unfilted_semi_supervised_acc": 63.27123397435897, "semi_supervised_acc": 95.46485260770974, "timestamp": 1511972807.2201886, "previous_chkpt": "/home/ubuntu/ORIE6741_bayesgan/results/adv_test_only_2/model_800"}