{"disc_loss": 1.188307762145996, "gen_losses": [1.0601288080215454, 1.9289690256118774, 1.7996546030044556, 1.1702969074249268, 0.7854981422424316, 0.9461771249771118, 1.399119257926941, 1.4493601322174072, 0.9884244203567505, 1.0986071825027466, 0.7434493899345398, 0.9715956449508667, 0.8261352777481079, 1.060634732246399, 1.2282766103744507, 0.9143273234367371, 1.3402976989746094, 1.2605371475219727, 1.3350119590759277, 0.5854302644729614], "non_adversarial_classification_accuracy": 0.6744791666666666, "adversarial_classification_accuracy": 0.0, "adversarial_uncertainty_correct": 0.9999802708625793, "adversarial_uncertainty_incorrect": 0.9999945163726807, "supervised_acc": 92.62820512820512, "adversarial_filtered_semi_supervised_acc": NaN, "adversarial_unfilted_semi_supervised_acc": 55.578926282051285, "semi_supervised_acc": 96.92604692604692, "timestamp": 1511980774.4158883, "previous_chkpt": "/home/ubuntu/ORIE6741_bayesgan/results/adv_test_only_2/model_2400"}