{"disc_loss": 1.510589361190796, "gen_losses": [0.5543509721755981, 1.2245200872421265, 1.018492341041565, 0.5095951557159424, 0.4743820130825043, 0.5936289429664612, 0.49148550629615784, 0.5407038331031799, 0.5290154218673706, 0.5732973217964172, 0.6917188763618469, 0.6956173181533813, 0.38800248503685, 0.6334761381149292, 0.6641377210617065, 0.5846050381660461, 0.5468213558197021, 0.9939287304878235, 0.8808815479278564, 0.5988830327987671], "non_adversarial_classification_accuracy": 0.879707532051282, "adversarial_classification_accuracy": 0.08223157051282051, "adversarial_uncertainty_correct": 0.7870147228240967, "adversarial_uncertainty_incorrect": 0.7998727560043335, "supervised_acc": 81.53044871794872, "adversarial_filtered_semi_supervised_acc": 85.3836784409257, "adversarial_unfilted_semi_supervised_acc": 84.0645032051282, "semi_supervised_acc": 92.45132642605033, "timestamp": 1511969312.7151363, "previous_chkpt": "/home/ubuntu/ORIE6741_bayesgan/results/adv_test_only_2/model_200"}