{"disc_loss": 0.956912636756897, "gen_losses": [0.9618115425109863, 1.9337505102157593, 2.2076680660247803, 0.9520156383514404, 0.7040708661079407, 1.1292150020599365, 1.080399513244629, 1.4967244863510132, 1.1029335260391235, 1.4262077808380127, 0.7284348011016846, 1.2454942464828491, 0.8343504071235657, 1.0565437078475952, 1.6803314685821533, 0.9535399079322815, 0.9683184623718262, 1.0883033275604248, 1.4380139112472534, 1.2238950729370117], "non_adversarial_classification_accuracy": 0.6397235576923077, "adversarial_classification_accuracy": 0.0, "adversarial_uncertainty_correct": 0.99997478723526, "adversarial_uncertainty_incorrect": 0.999994158744812, "supervised_acc": 92.78846153846153, "adversarial_filtered_semi_supervised_acc": NaN, "adversarial_unfilted_semi_supervised_acc": 56.31009615384615, "semi_supervised_acc": 97.54188194770627, "timestamp": 1511981153.0466518, "previous_chkpt": "/home/ubuntu/ORIE6741_bayesgan/results/adv_test_only_2/model_2400"}