{"disc_loss": 0.9451438784599304, "gen_losses": [0.8997374176979065, 1.6065205335617065, 1.2446192502975464, 1.106777548789978, 0.7328163385391235, 0.7648202180862427, 0.6760814785957336, 0.876390278339386, 0.7623988389968872, 0.8232613205909729, 1.041968822479248, 0.9469022750854492, 0.8238664269447327, 0.8226833343505859, 1.0483478307724, 0.7312667369842529, 0.8604530692100525, 1.1335725784301758, 1.2503137588500977, 0.8624876141548157], "non_adversarial_classification_accuracy": 0.7212540064102564, "adversarial_classification_accuracy": 0.0, "adversarial_uncertainty_correct": 0.9999677538871765, "adversarial_uncertainty_incorrect": 0.9999884963035583, "supervised_acc": 89.87379807692308, "adversarial_filtered_semi_supervised_acc": NaN, "adversarial_unfilted_semi_supervised_acc": 60.22636217948718, "semi_supervised_acc": 97.02819052909318, "timestamp": 1511976609.5681803, "previous_chkpt": "/home/ubuntu/ORIE6741_bayesgan/results/adv_test_only_2/model_1600"}