{"disc_loss": 2.6992785930633545, "gen_losses": [2.014375686645508, 2.903024435043335, 2.721816062927246, 1.856560468673706, 1.4568867683410645, 2.175485372543335, 1.7658321857452393, 1.8985538482666016, 1.7179678678512573, 1.0769704580307007, 2.0074315071105957, 2.5730600357055664, 1.99587082862854, 1.0411196947097778, 2.3687195777893066, 1.728314757347107, 2.0707030296325684, 1.5347777605056763, 1.9000000953674316, 2.0585596561431885], "non_adversarial_classification_accuracy": 0.6008613782051282, "adversarial_classification_accuracy": 0.0634014423076923, "adversarial_uncertainty_correct": 0.8672953844070435, "adversarial_uncertainty_incorrect": 0.8615083694458008, "supervised_acc": 79.38701923076923, "adversarial_filtered_semi_supervised_acc": 72.1958925750395, "adversarial_unfilted_semi_supervised_acc": 69.89182692307692, "semi_supervised_acc": 89.0815135855976, "timestamp": 1511968269.2557876, "previous_chkpt": ""}