{"disc_loss": 0.7723764181137085, "gen_losses": [1.3925068378448486, 2.468794822692871, 2.9547765254974365, 1.5304484367370605, 1.4154759645462036, 1.3833483457565308, 1.3539667129516602, 2.4136950969696045, 1.9546970129013062, 1.8040828704833984, 1.6174112558364868, 1.9895944595336914, 1.1912440061569214, 1.7360341548919678, 1.9311336278915405, 1.9348182678222656, 2.083355665206909, 1.6105797290802002, 2.0831732749938965, 1.740238070487976], "non_adversarial_classification_accuracy": 0.37710336538461536, "adversarial_classification_accuracy": 0.0, "adversarial_uncertainty_correct": 0.9999964237213135, "adversarial_uncertainty_incorrect": 0.9999989867210388, "supervised_acc": 93.67988782051282, "adversarial_filtered_semi_supervised_acc": NaN, "adversarial_unfilted_semi_supervised_acc": 65.57491987179488, "semi_supervised_acc": 97.60956175298804, "timestamp": 1511985997.4992647, "previous_chkpt": "/home/ubuntu/ORIE6741_bayesgan/results/adv_test_only_2/model_3400"}