{"disc_loss": 1.470232367515564, "gen_losses": [1.5124379396438599, 2.7315609455108643, 2.1170921325683594, 1.6404216289520264, 1.4895975589752197, 1.4374051094055176, 1.868575096130371, 1.7847821712493896, 1.6164790391921997, 1.3152058124542236, 1.7699707746505737, 1.684451937675476, 1.4237539768218994, 2.0272834300994873, 1.5881507396697998, 1.278294563293457, 1.519173502922058, 1.618249773979187, 2.0295026302337646, 1.99098539352417], "non_adversarial_classification_accuracy": 0.3190104166666667, "adversarial_classification_accuracy": 0.0, "adversarial_uncertainty_correct": 0.9995603561401367, "adversarial_uncertainty_incorrect": 0.9998530745506287, "supervised_acc": 88.57171474358974, "adversarial_filtered_semi_supervised_acc": NaN, "adversarial_unfilted_semi_supervised_acc": 76.45232371794872, "semi_supervised_acc": 96.138147566719, "timestamp": 1511973474.7094777, "previous_chkpt": "/home/ubuntu/ORIE6741_bayesgan/results/adv_test_only_2/model_1000"}