{"disc_loss": 0.7655112147331238, "gen_losses": [0.7233085036277771, 1.9953961372375488, 1.3730404376983643, 0.9682526588439941, 0.940676212310791, 1.3017667531967163, 0.9318899512290955, 1.0331097841262817, 0.7369047999382019, 1.3201781511306763, 1.1689023971557617, 0.8981158137321472, 0.7982202768325806, 1.3117854595184326, 1.3678065538406372, 0.9209893941879272, 1.087246060371399, 0.896675705909729, 1.2550098896026611, 0.9713585376739502], "non_adversarial_classification_accuracy": 0.6604567307692307, "adversarial_classification_accuracy": 0.0, "adversarial_uncertainty_correct": 0.9999980926513672, "adversarial_uncertainty_incorrect": 0.9999995827674866, "supervised_acc": 93.97035256410257, "adversarial_filtered_semi_supervised_acc": NaN, "adversarial_unfilted_semi_supervised_acc": 56.07972756410256, "semi_supervised_acc": 96.96693964209888, "timestamp": 1511988484.522597, "previous_chkpt": "/home/ubuntu/ORIE6741_bayesgan/results/adv_test_only_2/model_3800"}