{"disc_loss": 0.9252085089683533, "gen_losses": [1.5924444198608398, 2.304837226867676, 1.9194204807281494, 1.5804213285446167, 1.188069462776184, 1.095685362815857, 1.5373375415802002, 2.5044214725494385, 1.9757128953933716, 1.5208313465118408, 1.6422500610351562, 1.7570338249206543, 1.5068031549453735, 1.6017253398895264, 2.160351276397705, 1.8543449640274048, 1.4623708724975586, 1.6995714902877808, 1.9403406381607056, 1.6116529703140259], "non_adversarial_classification_accuracy": 0.4248798076923077, "adversarial_classification_accuracy": 0.0, "adversarial_uncertainty_correct": 0.999997615814209, "adversarial_uncertainty_incorrect": 0.9999993443489075, "supervised_acc": 93.14903846153847, "adversarial_filtered_semi_supervised_acc": NaN, "adversarial_unfilted_semi_supervised_acc": 65.00400641025641, "semi_supervised_acc": 97.31258840169731, "timestamp": 1511985325.0428786, "previous_chkpt": "/home/ubuntu/ORIE6741_bayesgan/results/adv_test_only_2/model_3200"}