{"disc_loss": 0.7916679382324219, "gen_losses": [1.5189152956008911, 2.2935333251953125, 2.446470260620117, 1.6894382238388062, 1.468116044998169, 1.2262074947357178, 1.535792350769043, 2.5161519050598145, 1.7499102354049683, 1.5634183883666992, 1.285562515258789, 1.5483603477478027, 1.1075356006622314, 1.3569576740264893, 1.7861216068267822, 1.9547415971755981, 1.3111786842346191, 1.7033605575561523, 1.734995722770691, 1.4629087448120117], "non_adversarial_classification_accuracy": 0.4437099358974359, "adversarial_classification_accuracy": 0.0, "adversarial_uncertainty_correct": 0.9999343752861023, "adversarial_uncertainty_incorrect": 0.9999790787696838, "supervised_acc": 90.46474358974359, "adversarial_filtered_semi_supervised_acc": NaN, "adversarial_unfilted_semi_supervised_acc": 64.70352564102564, "semi_supervised_acc": 97.13318284424379, "timestamp": 1511975943.6036096, "previous_chkpt": "/home/ubuntu/ORIE6741_bayesgan/results/adv_test_only_2/model_1400"}