{"disc_loss": 0.8197546601295471, "gen_losses": [1.3463144302368164, 2.5073022842407227, 1.6399883031845093, 1.2953565120697021, 0.8136470317840576, 1.3633695840835571, 1.1893229484558105, 1.9022151231765747, 1.492102026939392, 1.2906593084335327, 1.2180062532424927, 1.5674285888671875, 1.2780853509902954, 1.3931519985198975, 1.292444109916687, 1.3276742696762085, 1.5105502605438232, 1.3789405822753906, 1.4734654426574707, 1.3991742134094238], "non_adversarial_classification_accuracy": 0.5369591346153846, "adversarial_classification_accuracy": 0.0, "adversarial_uncertainty_correct": 0.9999504089355469, "adversarial_uncertainty_incorrect": 0.9999861717224121, "supervised_acc": 90.03405448717949, "adversarial_filtered_semi_supervised_acc": NaN, "adversarial_unfilted_semi_supervised_acc": 61.51842948717949, "semi_supervised_acc": 97.07144189516882, "timestamp": 1511976987.5185137, "previous_chkpt": "/home/ubuntu/ORIE6741_bayesgan/results/adv_test_only_2/model_1600"}