{"disc_loss": 0.9707274436950684, "gen_losses": [0.8766343593597412, 1.2505736351013184, 1.0723952054977417, 0.6269257664680481, 0.5890516638755798, 0.6900330781936646, 0.8614926338195801, 0.7440512180328369, 0.6651965975761414, 0.5984694361686707, 0.6300618648529053, 0.6087818741798401, 0.5476260185241699, 0.8824207782745361, 0.763940155506134, 0.6196795701980591, 0.6566981673240662, 0.6019744277000427, 0.7681014537811279, 0.710706889629364], "non_adversarial_classification_accuracy": 0.8140024038461539, "adversarial_classification_accuracy": 0.0, "adversarial_uncertainty_correct": 0.9997925758361816, "adversarial_uncertainty_incorrect": 0.9999127388000488, "supervised_acc": 88.73197115384616, "adversarial_filtered_semi_supervised_acc": NaN, "adversarial_unfilted_semi_supervised_acc": 59.18469551282051, "semi_supervised_acc": 95.85332841146794, "timestamp": 1511973853.3071556, "previous_chkpt": "/home/ubuntu/ORIE6741_bayesgan/results/adv_test_only_2/model_1000"}