{"disc_loss": 1.0117881298065186, "gen_losses": [1.0499136447906494, 2.905459403991699, 1.8574981689453125, 1.117459774017334, 1.0830296277999878, 0.9375314116477966, 1.5484684705734253, 1.6182316541671753, 1.4085378646850586, 1.4641770124435425, 1.4066983461380005, 1.7190523147583008, 1.241817831993103, 1.636202096939087, 1.9456244707107544, 1.1359070539474487, 1.295380711555481, 1.5625717639923096, 1.513361930847168, 1.3554829359054565], "non_adversarial_classification_accuracy": 0.5441706730769231, "adversarial_classification_accuracy": 0.0, "adversarial_uncertainty_correct": 0.9999462962150574, "adversarial_uncertainty_incorrect": 0.9999849796295166, "supervised_acc": 91.41626602564102, "adversarial_filtered_semi_supervised_acc": NaN, "adversarial_unfilted_semi_supervised_acc": 61.74879807692308, "semi_supervised_acc": 97.40474875759249, "timestamp": 1511978025.6531434, "previous_chkpt": "/home/ubuntu/ORIE6741_bayesgan/results/adv_test_only_2/model_1800"}