{"disc_loss": 0.8722123503684998, "gen_losses": [1.1861510276794434, 2.073434829711914, 1.388744831085205, 1.1774556636810303, 0.8066665530204773, 1.0198113918304443, 0.9146905541419983, 1.3191487789154053, 1.1923720836639404, 1.5479401350021362, 1.287247657775879, 0.9385620355606079, 1.1018497943878174, 1.0765819549560547, 1.2641264200210571, 0.9651755690574646, 1.0513381958007812, 1.3270965814590454, 1.1517877578735352, 1.0308451652526855], "non_adversarial_classification_accuracy": 0.5655048076923077, "adversarial_classification_accuracy": 0.0, "adversarial_uncertainty_correct": 0.9994850158691406, "adversarial_uncertainty_incorrect": 0.9997473955154419, "supervised_acc": 87.87059294871794, "adversarial_filtered_semi_supervised_acc": NaN, "adversarial_unfilted_semi_supervised_acc": 72.91666666666667, "semi_supervised_acc": 95.27098831030818, "timestamp": 1511972430.3550184, "previous_chkpt": "/home/ubuntu/ORIE6741_bayesgan/results/adv_test_only_2/model_800"}