{"disc_loss": 0.7419918775558472, "gen_losses": [1.2115360498428345, 2.1386709213256836, 1.5378942489624023, 1.3787473440170288, 1.0058438777923584, 0.9805464744567871, 1.620570421218872, 1.4827667474746704, 1.0524559020996094, 1.8662647008895874, 1.5915266275405884, 1.067754864692688, 0.8039422631263733, 1.368943214416504, 1.5650137662887573, 1.2769657373428345, 1.5658516883850098, 1.1708139181137085, 1.6592907905578613, 0.9793168306350708], "non_adversarial_classification_accuracy": 0.5619991987179487, "adversarial_classification_accuracy": 0.0, "adversarial_uncertainty_correct": 0.9999975562095642, "adversarial_uncertainty_incorrect": 0.9999995231628418, "supervised_acc": 93.95032051282051, "adversarial_filtered_semi_supervised_acc": NaN, "adversarial_unfilted_semi_supervised_acc": 60.21634615384615, "semi_supervised_acc": 97.772233113527, "timestamp": 1511987441.5503204, "previous_chkpt": "/home/ubuntu/ORIE6741_bayesgan/results/adv_test_only_2/model_3600"}