{"disc_loss": 0.7335317730903625, "gen_losses": [1.9874540567398071, 2.684417486190796, 2.8486390113830566, 1.7713977098464966, 1.3104697465896606, 1.4347081184387207, 1.8174508810043335, 2.7069389820098877, 1.771296739578247, 2.2661080360412598, 1.6424357891082764, 1.875118613243103, 1.9257410764694214, 2.4128222465515137, 2.3749144077301025, 1.8789570331573486, 1.5489259958267212, 1.501875400543213, 2.4076857566833496, 1.756235122680664], "non_adversarial_classification_accuracy": 0.36268028846153844, "adversarial_classification_accuracy": 0.0, "adversarial_uncertainty_correct": 0.9999986886978149, "adversarial_uncertainty_incorrect": 0.9999995827674866, "supervised_acc": 93.88020833333333, "adversarial_filtered_semi_supervised_acc": NaN, "adversarial_unfilted_semi_supervised_acc": 64.54326923076923, "semi_supervised_acc": 98.37061585197459, "timestamp": 1511988106.4275742, "previous_chkpt": "/home/ubuntu/ORIE6741_bayesgan/results/adv_test_only_2/model_3800"}