{"disc_loss": 1.083772897720337, "gen_losses": [2.0053319931030273, 3.6760432720184326, 3.2168920040130615, 2.139766216278076, 1.8168096542358398, 1.8858768939971924, 2.478351354598999, 2.376077175140381, 2.0884735584259033, 1.9183069467544556, 2.212653398513794, 2.38506817817688, 1.984809398651123, 2.22914719581604, 2.8301045894622803, 2.0666675567626953, 1.6514976024627686, 2.3657984733581543, 2.4414443969726562, 1.734585165977478], "non_adversarial_classification_accuracy": 0.2720352564102564, "adversarial_classification_accuracy": 0.0, "adversarial_uncertainty_correct": 0.9999971389770508, "adversarial_uncertainty_incorrect": 0.999998927116394, "supervised_acc": 93.82011217948718, "adversarial_filtered_semi_supervised_acc": NaN, "adversarial_unfilted_semi_supervised_acc": 65.45472756410257, "semi_supervised_acc": 97.79086892488954, "timestamp": 1511986376.4379115, "previous_chkpt": "/home/ubuntu/ORIE6741_bayesgan/results/adv_test_only_2/model_3400"}