{"disc_loss": 0.9752236008644104, "gen_losses": [1.295401930809021, 2.6946871280670166, 2.0389280319213867, 1.4981969594955444, 1.258226990699768, 1.420924186706543, 1.466533899307251, 2.33235764503479, 1.337691068649292, 1.5744658708572388, 1.0479272603988647, 1.6120227575302124, 1.570580005645752, 1.4772779941558838, 1.625135898590088, 1.368010401725769, 1.0032553672790527, 1.6230361461639404, 1.7145214080810547, 1.5597492456436157], "non_adversarial_classification_accuracy": 0.43309294871794873, "adversarial_classification_accuracy": 0.0, "adversarial_uncertainty_correct": 0.9999653100967407, "adversarial_uncertainty_incorrect": 0.9999921321868896, "supervised_acc": 92.25761217948718, "adversarial_filtered_semi_supervised_acc": NaN, "adversarial_unfilted_semi_supervised_acc": 65.25440705128206, "semi_supervised_acc": 96.80851063829788, "timestamp": 1511979068.073576, "previous_chkpt": "/home/ubuntu/ORIE6741_bayesgan/results/adv_test_only_2/model_2000"}