{"disc_loss": 1.4643713235855103, "gen_losses": [1.607237696647644, 2.5222153663635254, 2.0061638355255127, 1.7346385717391968, 1.2750356197357178, 1.5502479076385498, 1.6472585201263428, 2.097623348236084, 1.2745167016983032, 1.3820252418518066, 1.4033026695251465, 1.6767548322677612, 1.3127461671829224, 1.6653645038604736, 1.7136162519454956, 1.5469763278961182, 1.238991618156433, 1.52359938621521, 1.729967713356018, 1.6127190589904785], "non_adversarial_classification_accuracy": 0.33122996794871795, "adversarial_classification_accuracy": 0.0, "adversarial_uncertainty_correct": 0.993195116519928, "adversarial_uncertainty_incorrect": 0.995937705039978, "supervised_acc": 87.3798076923077, "adversarial_filtered_semi_supervised_acc": NaN, "adversarial_unfilted_semi_supervised_acc": 84.78565705128206, "semi_supervised_acc": 93.6800725733293, "timestamp": 1511971390.0318184, "previous_chkpt": "/home/ubuntu/ORIE6741_bayesgan/results/adv_test_only_2/model_600"}