{"disc_loss": 1.0871202945709229, "gen_losses": [1.2888158559799194, 1.5711404085159302, 1.2824395895004272, 1.0729453563690186, 0.7899032831192017, 0.8327540159225464, 0.9658021926879883, 1.418501853942871, 0.6671570539474487, 0.8308771252632141, 0.9241519570350647, 1.1253870725631714, 0.7022408843040466, 0.9332418441772461, 1.2889816761016846, 0.9801394939422607, 0.7890475392341614, 0.8928357362747192, 0.8965911865234375, 0.8648168444633484], "non_adversarial_classification_accuracy": 0.7050280448717948, "adversarial_classification_accuracy": 0.0, "adversarial_uncertainty_correct": 0.9999756813049316, "adversarial_uncertainty_incorrect": 0.9999934434890747, "supervised_acc": 92.31770833333333, "adversarial_filtered_semi_supervised_acc": NaN, "adversarial_unfilted_semi_supervised_acc": 57.54206730769231, "semi_supervised_acc": 97.10186105980964, "timestamp": 1511980110.1489918, "previous_chkpt": "/home/ubuntu/ORIE6741_bayesgan/results/adv_test_only_2/model_2200"}