{"disc_loss": 0.9737302660942078, "gen_losses": [1.7863301038742065, 3.168713092803955, 2.2742462158203125, 1.9382566213607788, 0.9389179944992065, 1.676011323928833, 2.3482344150543213, 2.393348217010498, 2.104600191116333, 1.4390326738357544, 1.9894343614578247, 1.631696105003357, 1.1235817670822144, 1.600760817527771, 1.9975910186767578, 1.710619568824768, 1.65250825881958, 2.24198317527771, 2.0829246044158936, 2.0868968963623047], "non_adversarial_classification_accuracy": 0.42177483974358976, "adversarial_classification_accuracy": 0.0, "adversarial_uncertainty_correct": 0.9999911785125732, "adversarial_uncertainty_incorrect": 0.9999975562095642, "supervised_acc": 93.45953525641026, "adversarial_filtered_semi_supervised_acc": NaN, "adversarial_unfilted_semi_supervised_acc": 64.1826923076923, "semi_supervised_acc": 96.72286867727381, "timestamp": 1511984281.1232128, "previous_chkpt": "/home/ubuntu/ORIE6741_bayesgan/results/adv_test_only_2/model_3000"}