{"disc_loss": 1.3497482538223267, "gen_losses": [1.1061807870864868, 1.8868664503097534, 1.183898687362671, 0.9999533891677856, 0.9302955269813538, 1.1545307636260986, 0.9833174347877502, 1.42966628074646, 0.8662188053131104, 0.9896720051765442, 1.0757943391799927, 0.9168946146965027, 1.108842372894287, 1.0085182189941406, 1.2300970554351807, 1.0980467796325684, 0.9889705181121826, 0.9677993655204773, 1.330160140991211, 0.8484971523284912], "non_adversarial_classification_accuracy": 0.6365184294871795, "adversarial_classification_accuracy": 0.00390625, "adversarial_uncertainty_correct": 0.9077163934707642, "adversarial_uncertainty_incorrect": 0.9101163148880005, "supervised_acc": 81.80088141025641, "adversarial_filtered_semi_supervised_acc": 92.3076923076923, "adversarial_unfilted_semi_supervised_acc": 87.70032051282051, "semi_supervised_acc": 92.35247836349332, "timestamp": 1511969688.70366, "previous_chkpt": "/home/ubuntu/ORIE6741_bayesgan/results/adv_test_only_2/model_200"}