{"disc_loss": 0.9042086005210876, "gen_losses": [1.0009628534317017, 1.8421307802200317, 1.2967243194580078, 1.177774429321289, 1.0972212553024292, 0.9555907845497131, 1.4017877578735352, 1.2390543222427368, 1.1656792163848877, 1.4016138315200806, 1.1560840606689453, 1.1575477123260498, 1.0680387020111084, 1.0722390413284302, 1.579490065574646, 1.151863932609558, 0.9269073605537415, 1.090519666671753, 1.2045073509216309, 1.3159490823745728], "non_adversarial_classification_accuracy": 0.5162259615384616, "adversarial_classification_accuracy": 0.0, "adversarial_uncertainty_correct": 0.9999794960021973, "adversarial_uncertainty_incorrect": 0.9999961256980896, "supervised_acc": 92.28766025641026, "adversarial_filtered_semi_supervised_acc": NaN, "adversarial_unfilted_semi_supervised_acc": 59.56530448717949, "semi_supervised_acc": 96.95382227396198, "timestamp": 1511982859.4922638, "previous_chkpt": "/home/ubuntu/ORIE6741_bayesgan/results/adv_test_only_2/model_2800"}