{"disc_loss": 0.8848599791526794, "gen_losses": [1.1672526597976685, 1.9916677474975586, 1.4455015659332275, 0.9700518250465393, 0.9677281975746155, 1.1774117946624756, 1.5789318084716797, 1.5877426862716675, 0.943445086479187, 1.179490327835083, 1.2857239246368408, 0.9102169275283813, 0.9788780808448792, 0.8800246715545654, 1.129202127456665, 1.1547222137451172, 1.1690315008163452, 0.9913215041160583, 1.317922592163086, 1.0591431856155396], "non_adversarial_classification_accuracy": 0.6466346153846154, "adversarial_classification_accuracy": 0.0, "adversarial_uncertainty_correct": 0.999985933303833, "adversarial_uncertainty_incorrect": 0.9999966025352478, "supervised_acc": 93.15905448717949, "adversarial_filtered_semi_supervised_acc": NaN, "adversarial_unfilted_semi_supervised_acc": 51.452323717948715, "semi_supervised_acc": 97.27385377942998, "timestamp": 1511982198.8259194, "previous_chkpt": "/home/ubuntu/ORIE6741_bayesgan/results/adv_test_only_2/model_2600"}