{"disc_loss": 1.2869294881820679, "gen_losses": [0.50391685962677, 1.1745067834854126, 0.8065022826194763, 0.5763620138168335, 0.48853009939193726, 0.4372989535331726, 0.5787292122840881, 0.6255399584770203, 0.40153810381889343, 0.5136557817459106, 0.4528728127479553, 0.43434321880340576, 0.4797874689102173, 0.49061527848243713, 0.7836006283760071, 0.49417248368263245, 0.4222082495689392, 0.49983322620391846, 0.7936154007911682, 0.5577864050865173], "non_adversarial_classification_accuracy": 0.8615785256410257, "adversarial_classification_accuracy": 0.00010016025641025641, "adversarial_uncertainty_correct": 0.9453628659248352, "adversarial_uncertainty_incorrect": 0.9561914801597595, "supervised_acc": 84.17467948717949, "adversarial_filtered_semi_supervised_acc": 100.0, "adversarial_unfilted_semi_supervised_acc": 81.78084935897436, "semi_supervised_acc": 93.76889095559173, "timestamp": 1511970350.0041099, "previous_chkpt": "/home/ubuntu/ORIE6741_bayesgan/results/adv_test_only_2/model_400"}