{"disc_loss": 0.8616957664489746, "gen_losses": [1.2257729768753052, 2.562199831008911, 1.550666332244873, 1.3206297159194946, 1.071907877922058, 1.2830429077148438, 1.229877233505249, 1.4188650846481323, 1.124994158744812, 1.491255760192871, 1.0146431922912598, 1.3611247539520264, 1.1168791055679321, 1.216353178024292, 1.7793288230895996, 1.2543692588806152, 1.3072181940078735, 0.8356230854988098, 1.4886451959609985, 0.8337462544441223], "non_adversarial_classification_accuracy": 0.5230368589743589, "adversarial_classification_accuracy": 0.0, "adversarial_uncertainty_correct": 0.9999918937683105, "adversarial_uncertainty_incorrect": 0.9999980926513672, "supervised_acc": 93.29927884615384, "adversarial_filtered_semi_supervised_acc": NaN, "adversarial_unfilted_semi_supervised_acc": 61.6786858974359, "semi_supervised_acc": 97.75947912677135, "timestamp": 1511983902.9753, "previous_chkpt": "/home/ubuntu/ORIE6741_bayesgan/results/adv_test_only_2/model_3000"}