{"disc_loss": 0.9537876844406128, "gen_losses": [2.174774408340454, 3.657942056655884, 2.576854944229126, 1.9362602233886719, 1.755597710609436, 1.234635591506958, 2.0381648540496826, 2.815955638885498, 1.5791752338409424, 2.062868118286133, 2.221036434173584, 2.2308311462402344, 1.549580454826355, 2.0680930614471436, 2.486217498779297, 1.7034358978271484, 2.5082170963287354, 2.5522117614746094, 2.873534917831421, 2.15743350982666], "non_adversarial_classification_accuracy": 0.3183092948717949, "adversarial_classification_accuracy": 0.0, "adversarial_uncertainty_correct": 0.9999954104423523, "adversarial_uncertainty_incorrect": 0.9999986886978149, "supervised_acc": 93.81009615384616, "adversarial_filtered_semi_supervised_acc": NaN, "adversarial_unfilted_semi_supervised_acc": 66.1358173076923, "semi_supervised_acc": 97.48269351793581, "timestamp": 1511987052.9347544, "previous_chkpt": "/home/ubuntu/ORIE6741_bayesgan/results/adv_test_only_2/model_3600"}