{"disc_loss": 0.8651931285858154, "gen_losses": [1.5645354986190796, 2.5792882442474365, 1.5289069414138794, 1.5255835056304932, 1.108208417892456, 0.9769041538238525, 1.291750192642212, 1.3980927467346191, 1.2207461595535278, 1.1735063791275024, 1.0494226217269897, 1.5495356321334839, 0.9582356810569763, 1.318421483039856, 1.4151891469955444, 1.4956045150756836, 1.160309076309204, 1.3017970323562622, 1.5340466499328613, 1.1682243347167969], "non_adversarial_classification_accuracy": 0.5547876602564102, "adversarial_classification_accuracy": 0.0, "adversarial_uncertainty_correct": 0.9999045133590698, "adversarial_uncertainty_incorrect": 0.9999707937240601, "supervised_acc": 90.34455128205128, "adversarial_filtered_semi_supervised_acc": NaN, "adversarial_unfilted_semi_supervised_acc": 66.98717948717949, "semi_supervised_acc": 97.18360714930493, "timestamp": 1511975565.3129494, "previous_chkpt": "/home/ubuntu/ORIE6741_bayesgan/results/adv_test_only_2/model_1400"}