{"disc_loss": 1.024019718170166, "gen_losses": [1.0733922719955444, 2.2557766437530518, 1.52523672580719, 1.0797584056854248, 0.8352773785591125, 1.3631212711334229, 0.9282180666923523, 1.3050824403762817, 0.8527893424034119, 1.0818486213684082, 1.1527702808380127, 1.1865938901901245, 1.0720187425613403, 1.6116620302200317, 1.3379392623901367, 1.327770709991455, 1.0931007862091064, 1.2468607425689697, 1.4392260313034058, 1.3119523525238037], "non_adversarial_classification_accuracy": 0.5362580128205128, "adversarial_classification_accuracy": 0.0, "adversarial_uncertainty_correct": 0.9865188598632812, "adversarial_uncertainty_incorrect": 0.9906603693962097, "supervised_acc": 84.17467948717949, "adversarial_filtered_semi_supervised_acc": NaN, "adversarial_unfilted_semi_supervised_acc": 83.9042467948718, "semi_supervised_acc": 94.2099364960777, "timestamp": 1511970728.2696855, "previous_chkpt": "/home/ubuntu/ORIE6741_bayesgan/results/adv_test_only_2/model_400"}