{"disc_loss": 0.9250255227088928, "gen_losses": [1.5661529302597046, 2.858675241470337, 2.3868865966796875, 2.0410213470458984, 2.1345677375793457, 1.7913516759872437, 1.7506829500198364, 2.511291742324829, 1.8082280158996582, 1.6901339292526245, 1.7273815870285034, 2.039076328277588, 1.595698595046997, 2.116837739944458, 2.025783061981201, 1.9749475717544556, 2.011287212371826, 2.610013961791992, 2.252163887023926, 1.73514986038208], "non_adversarial_classification_accuracy": 0.3395432692307692, "adversarial_classification_accuracy": 0.0, "adversarial_uncertainty_correct": 0.9999406933784485, "adversarial_uncertainty_incorrect": 0.9999858140945435, "supervised_acc": 91.19591346153847, "adversarial_filtered_semi_supervised_acc": NaN, "adversarial_unfilted_semi_supervised_acc": 68.51963141025641, "semi_supervised_acc": 97.84660766961652, "timestamp": 1511977649.4944434, "previous_chkpt": "/home/ubuntu/ORIE6741_bayesgan/results/adv_test_only_2/model_1800"}