{"disc_loss": 1.4744704961776733, "gen_losses": [0.5785940289497375, 1.0238220691680908, 0.7398286461830139, 0.6330287456512451, 0.3616153597831726, 0.41788116097450256, 0.4803035259246826, 0.7439281344413757, 0.41680535674095154, 0.35448482632637024, 0.4287208914756775, 0.5799930691719055, 0.5108737349510193, 0.6608718633651733, 0.8134579062461853, 0.5006087422370911, 0.49546018242836, 0.6983757615089417, 0.6803968548774719, 0.6478934288024902], "non_adversarial_classification_accuracy": 0.9002403846153846, "adversarial_classification_accuracy": 0.331630608974359, "adversarial_uncertainty_correct": 0.5963543057441711, "adversarial_uncertainty_incorrect": 0.6158614754676819, "supervised_acc": 79.66746794871794, "adversarial_filtered_semi_supervised_acc": 64.78405315614619, "adversarial_unfilted_semi_supervised_acc": 73.23717948717949, "semi_supervised_acc": 86.86025812194036, "timestamp": 1511968646.31046, "previous_chkpt": ""}