{"disc_loss": 1.059632420539856, "gen_losses": [1.280037522315979, 2.0940165519714355, 1.4259369373321533, 1.3112108707427979, 1.225969672203064, 1.098110556602478, 1.2299704551696777, 1.7178503274917603, 1.0311847925186157, 1.3347867727279663, 1.0344901084899902, 1.1900986433029175, 1.257229208946228, 1.4556150436401367, 1.621482491493225, 1.1766201257705688, 1.0650805234909058, 1.4826716184616089, 1.623296856880188, 1.2917451858520508], "non_adversarial_classification_accuracy": 0.4717548076923077, "adversarial_classification_accuracy": 0.0, "adversarial_uncertainty_correct": 0.9980661869049072, "adversarial_uncertainty_incorrect": 0.9989354610443115, "supervised_acc": 87.3798076923077, "adversarial_filtered_semi_supervised_acc": NaN, "adversarial_unfilted_semi_supervised_acc": 81.1298076923077, "semi_supervised_acc": 95.79617834394904, "timestamp": 1511971766.9700763, "previous_chkpt": "/home/ubuntu/ORIE6741_bayesgan/results/adv_test_only_2/model_600"}