{"disc_loss": 0.8047214150428772, "gen_losses": [1.2019129991531372, 1.7540050745010376, 1.6749483346939087, 1.1421973705291748, 1.1225759983062744, 1.303452730178833, 1.5491002798080444, 1.5642467737197876, 1.474819540977478, 1.2855302095413208, 1.2241549491882324, 1.9784455299377441, 0.837557852268219, 1.1103066205978394, 1.1558725833892822, 1.3893859386444092, 1.686347484588623, 1.7004492282867432, 1.6959158182144165, 1.6354105472564697], "non_adversarial_classification_accuracy": 0.6177884615384616, "adversarial_classification_accuracy": 0.0, "adversarial_uncertainty_correct": 0.9999943375587463, "adversarial_uncertainty_incorrect": 0.9999986886978149, "supervised_acc": 92.34775641025641, "adversarial_filtered_semi_supervised_acc": NaN, "adversarial_unfilted_semi_supervised_acc": 55.4286858974359, "semi_supervised_acc": 97.11413748378729, "timestamp": 1511983238.3834453, "previous_chkpt": "/home/ubuntu/ORIE6741_bayesgan/results/adv_test_only_2/model_2800"}