{"disc_loss": 1.0539031028747559, "gen_losses": [1.4806212186813354, 2.574711561203003, 2.0959527492523193, 1.5374747514724731, 1.0711350440979004, 1.5429859161376953, 1.5806660652160645, 1.8766471147537231, 1.6000878810882568, 1.4601033926010132, 1.6280732154846191, 1.6080807447433472, 1.0320000648498535, 1.383705735206604, 1.7161327600479126, 1.6343331336975098, 1.3716926574707031, 1.4218827486038208, 1.816332459449768, 1.3446428775787354], "non_adversarial_classification_accuracy": 0.42137419871794873, "adversarial_classification_accuracy": 0.0, "adversarial_uncertainty_correct": 0.9997059106826782, "adversarial_uncertainty_incorrect": 0.9999215006828308, "supervised_acc": 90.16426282051282, "adversarial_filtered_semi_supervised_acc": NaN, "adversarial_unfilted_semi_supervised_acc": 67.04727564102564, "semi_supervised_acc": 96.45828381269313, "timestamp": 1511974903.8250666, "previous_chkpt": "/home/ubuntu/ORIE6741_bayesgan/results/adv_test_only_2/model_1200"}