{"disc_loss": 0.843573272228241, "gen_losses": [1.0275201797485352, 1.927215337753296, 1.7050527334213257, 1.8846133947372437, 1.2819691896438599, 1.6410034894943237, 1.8736764192581177, 2.2668988704681396, 1.5871493816375732, 1.7050837278366089, 1.6110237836837769, 1.8558380603790283, 1.6423059701919556, 1.2315046787261963, 1.63250732421875, 1.348202109336853, 1.5581514835357666, 1.7724862098693848, 1.895816445350647, 1.316303014755249], "non_adversarial_classification_accuracy": 0.4305889423076923, "adversarial_classification_accuracy": 0.0, "adversarial_uncertainty_correct": 0.9998074173927307, "adversarial_uncertainty_incorrect": 0.9999324679374695, "supervised_acc": 89.97395833333333, "adversarial_filtered_semi_supervised_acc": NaN, "adversarial_unfilted_semi_supervised_acc": 65.1542467948718, "semi_supervised_acc": 96.02233077459874, "timestamp": 1511974522.0541458, "previous_chkpt": "/home/ubuntu/ORIE6741_bayesgan/results/adv_test_only_2/model_1200"}