{"disc_loss": 0.7581145763397217, "gen_losses": [1.410732626914978, 2.718794822692871, 1.5869965553283691, 1.5186898708343506, 1.042852520942688, 1.2418030500411987, 1.4360722303390503, 2.0885143280029297, 1.3252403736114502, 2.002878427505493, 1.4338271617889404, 1.9193589687347412, 1.6160470247268677, 1.5103771686553955, 2.1390798091888428, 1.2970062494277954, 1.4433804750442505, 1.5399671792984009, 1.7500195503234863, 1.497087001800537], "non_adversarial_classification_accuracy": 0.4590344551282051, "adversarial_classification_accuracy": 0.0, "adversarial_uncertainty_correct": 0.9999532103538513, "adversarial_uncertainty_incorrect": 0.9999902248382568, "supervised_acc": 92.15745192307692, "adversarial_filtered_semi_supervised_acc": NaN, "adversarial_unfilted_semi_supervised_acc": 63.01081730769231, "semi_supervised_acc": 97.35980798603535, "timestamp": 1511979733.4169855, "previous_chkpt": "/home/ubuntu/ORIE6741_bayesgan/results/adv_test_only_2/model_2200"}