{"disc_loss": 0.8567389845848083, "gen_losses": [2.059656858444214, 3.184638023376465, 2.519249439239502, 2.260101079940796, 2.0834357738494873, 1.8058687448501587, 3.1549179553985596, 3.1505696773529053, 2.0550951957702637, 2.2865090370178223, 1.8327515125274658, 2.424429178237915, 2.3774893283843994, 1.904424786567688, 2.2063965797424316, 2.1435906887054443, 2.3132236003875732, 2.0840346813201904, 2.4407806396484375, 1.8576102256774902], "non_adversarial_classification_accuracy": 0.27353766025641024, "adversarial_classification_accuracy": 0.0, "adversarial_uncertainty_correct": 0.9999935626983643, "adversarial_uncertainty_incorrect": 0.999998152256012, "supervised_acc": 93.03886217948718, "adversarial_filtered_semi_supervised_acc": NaN, "adversarial_unfilted_semi_supervised_acc": 70.0420673076923, "semi_supervised_acc": 98.16916880263639, "timestamp": 1511984946.9854462, "previous_chkpt": "/home/ubuntu/ORIE6741_bayesgan/results/adv_test_only_2/model_3200"}