{"disc_loss": 0.8473188877105713, "gen_losses": [1.142412781715393, 2.444779396057129, 2.1656346321105957, 1.6870313882827759, 1.0877848863601685, 1.518039584159851, 1.5104422569274902, 1.8394273519515991, 0.9414765238761902, 0.9517417550086975, 1.1767927408218384, 1.6171231269836426, 1.1771631240844727, 1.8460911512374878, 1.5336860418319702, 1.2082682847976685, 1.0272464752197266, 1.4279577732086182, 2.1978650093078613, 1.3566712141036987], "non_adversarial_classification_accuracy": 0.48938301282051283, "adversarial_classification_accuracy": 0.0, "adversarial_uncertainty_correct": 0.9999377727508545, "adversarial_uncertainty_incorrect": 0.9999885559082031, "supervised_acc": 92.13741987179488, "adversarial_filtered_semi_supervised_acc": NaN, "adversarial_unfilted_semi_supervised_acc": 62.05929487179487, "semi_supervised_acc": 96.88907081457225, "timestamp": 1511978691.6637118, "previous_chkpt": "/home/ubuntu/ORIE6741_bayesgan/results/adv_test_only_2/model_2000"}