{"disc_loss": 1.0305819511413574, "gen_losses": [1.1806930303573608, 1.1311503648757935, 0.9140177369117737, 1.2529017925262451, 0.8459710478782654, 1.173974871635437, 1.0243151187896729, 1.099543809890747, 0.8388510346412659, 1.0418524742126465, 1.123876690864563, 0.7331844568252563, 1.1598516702651978, 1.3376874923706055, 1.3938276767730713, 0.8894590735435486, 1.0101377964019775, 3.5876097679138184, 0.7381879687309265, 0.8574888706207275], "non_adversarial_classification_accuracy": 0.6018629807692307, "adversarial_classification_accuracy": 0.0, "adversarial_uncertainty_correct": 0.9999798536300659, "adversarial_uncertainty_incorrect": 0.999988317489624, "supervised_acc": 88.43149038461539, "adversarial_filtered_semi_supervised_acc": NaN, "adversarial_unfilted_semi_supervised_acc": 42.1875, "semi_supervised_acc": 97.38725245465136, "timestamp": 1511240426.8866775, "previous_chkpt": "/home/ubuntu/ORIE6741_bayesgan/results/adv_train_only/model_600"}