{"disc_loss": 0.8236168622970581, "gen_losses": [1.8275525569915771, 1.4614571332931519, 2.026334285736084, 1.6189000606536865, 1.0820189714431763, 1.7837952375411987, 1.3274281024932861, 1.486779808998108, 1.5412564277648926, 1.7479841709136963, 1.259469747543335, 1.4908055067062378, 1.2693394422531128, 1.42438542842865, 2.3392622470855713, 1.741761565208435, 1.62200129032135, 3.376516580581665, 1.176038146018982, 1.3150485754013062], "non_adversarial_classification_accuracy": 0.47966746794871795, "adversarial_classification_accuracy": 0.0, "adversarial_uncertainty_correct": 1.0, "adversarial_uncertainty_incorrect": 1.0, "supervised_acc": 91.11578525641026, "adversarial_filtered_semi_supervised_acc": NaN, "adversarial_unfilted_semi_supervised_acc": 26.252003205128204, "semi_supervised_acc": 99.01858425558572, "timestamp": 1511254495.5844665, "previous_chkpt": "/home/ubuntu/ORIE6741_bayesgan/results/adv_train_only/model_2000"}