{"disc_loss": 0.8838735818862915, "gen_losses": [1.7973018884658813, 1.371529221534729, 1.8174768686294556, 2.5634663105010986, 1.4921003580093384, 1.8047699928283691, 2.155043363571167, 1.4156798124313354, 1.436131477355957, 1.4907686710357666, 1.9604129791259766, 1.796354055404663, 1.8032543659210205, 2.408245325088501, 2.2580080032348633, 1.543378233909607, 2.120894432067871, 4.037476062774658, 1.4013166427612305, 1.1724735498428345], "non_adversarial_classification_accuracy": 0.3724959935897436, "adversarial_classification_accuracy": 0.0, "adversarial_uncertainty_correct": 1.0, "adversarial_uncertainty_incorrect": 1.0, "supervised_acc": 92.4579326923077, "adversarial_filtered_semi_supervised_acc": NaN, "adversarial_unfilted_semi_supervised_acc": 26.943108974358974, "semi_supervised_acc": 99.24710943802097, "timestamp": 1511257172.5474186, "previous_chkpt": "/home/ubuntu/ORIE6741_bayesgan/results/adv_train_only/model_2400"}