{"disc_loss": 0.7252136468887329, "gen_losses": [1.44423246383667, 1.2910144329071045, 1.4118307828903198, 1.6562658548355103, 0.7435653805732727, 1.0475289821624756, 0.8412914872169495, 1.1679490804672241, 1.7356566190719604, 1.0023596286773682, 1.4762098789215088, 0.9527456760406494, 0.9202607274055481, 1.771634817123413, 1.5579804182052612, 1.0465339422225952, 1.6242682933807373, 3.053032636642456, 1.1638613939285278, 1.3744968175888062], "non_adversarial_classification_accuracy": 0.6111778846153846, "adversarial_classification_accuracy": 0.0, "adversarial_uncertainty_correct": 1.0, "adversarial_uncertainty_incorrect": 1.0, "supervised_acc": 94.31089743589743, "adversarial_filtered_semi_supervised_acc": NaN, "adversarial_unfilted_semi_supervised_acc": 27.16346153846154, "semi_supervised_acc": 99.14782038675844, "timestamp": 1511266555.3170793, "previous_chkpt": "/home/ubuntu/ORIE6741_bayesgan/results/adv_train_only/model_3800"}