{"disc_loss": 1.1176968812942505, "gen_losses": [1.1539324522018433, 1.6192706823349, 1.2584190368652344, 0.902873158454895, 0.8595766425132751, 1.528496265411377, 1.2481633424758911, 0.9463667273521423, 1.3826416730880737, 0.9820793271064758, 1.5208555459976196, 1.5819047689437866, 1.186150074005127, 2.0045483112335205, 2.052537679672241, 1.1239724159240723, 2.844531536102295, 4.353353977203369, 0.924738883972168, 1.7775094509124756], "non_adversarial_classification_accuracy": 0.6541466346153846, "adversarial_classification_accuracy": 0.0, "adversarial_uncertainty_correct": 0.997626543045044, "adversarial_uncertainty_incorrect": 0.9982135891914368, "supervised_acc": 80.8193108974359, "adversarial_filtered_semi_supervised_acc": NaN, "adversarial_unfilted_semi_supervised_acc": 64.8036858974359, "semi_supervised_acc": 95.5137038738325, "timestamp": 1511238355.5099792, "previous_chkpt": "/home/ubuntu/ORIE6741_bayesgan/results/adv_train_only/model_200"}