{"disc_loss": 0.9280475378036499, "gen_losses": [1.0987834930419922, 1.4903979301452637, 1.1359955072402954, 1.149224877357483, 1.181969404220581, 1.284894585609436, 1.0505046844482422, 1.0732741355895996, 1.2234529256820679, 1.3475699424743652, 1.6736005544662476, 1.0746257305145264, 1.3961894512176514, 1.9343364238739014, 1.7599730491638184, 1.176225185394287, 1.4188228845596313, 3.47562313079834, 1.3588230609893799, 0.9984041452407837], "non_adversarial_classification_accuracy": 0.5029046474358975, "adversarial_classification_accuracy": 0.0, "adversarial_uncertainty_correct": 0.9999972581863403, "adversarial_uncertainty_incorrect": 0.9999992251396179, "supervised_acc": 89.78365384615384, "adversarial_filtered_semi_supervised_acc": NaN, "adversarial_unfilted_semi_supervised_acc": 25.85136217948718, "semi_supervised_acc": 98.3469428400717, "timestamp": 1511247103.0151434, "previous_chkpt": "/home/ubuntu/ORIE6741_bayesgan/results/adv_train_only/model_1000"}