{"disc_loss": 0.6840584874153137, "gen_losses": [2.1919772624969482, 2.0255014896392822, 1.9102543592453003, 1.8005774021148682, 2.2657198905944824, 1.8974324464797974, 1.3636434078216553, 1.9032506942749023, 1.6509371995925903, 2.180988311767578, 1.632705807685852, 1.1338155269622803, 2.184420585632324, 2.3355965614318848, 2.011631488800049, 1.7576338052749634, 1.7724099159240723, 2.9726905822753906, 1.8619422912597656, 2.016737222671509], "non_adversarial_classification_accuracy": 0.36828926282051283, "adversarial_classification_accuracy": 0.0, "adversarial_uncertainty_correct": 1.0, "adversarial_uncertainty_incorrect": 1.0, "supervised_acc": 94.4911858974359, "adversarial_filtered_semi_supervised_acc": NaN, "adversarial_unfilted_semi_supervised_acc": 34.36498397435897, "semi_supervised_acc": 99.10252923579004, "timestamp": 1511264574.12902, "previous_chkpt": "/home/ubuntu/ORIE6741_bayesgan/results/adv_train_only/model_3600"}