{"disc_loss": 0.677982747554779, "gen_losses": [2.432111978530884, 3.0794224739074707, 2.830631971359253, 2.7310428619384766, 2.3789894580841064, 2.349215269088745, 2.2974276542663574, 2.42938494682312, 2.442908525466919, 2.3225080966949463, 3.2764248847961426, 2.2062785625457764, 2.5415093898773193, 2.8840508460998535, 2.573518991470337, 2.4227914810180664, 2.9319510459899902, 4.231796741485596, 2.40696120262146, 2.8087618350982666], "non_adversarial_classification_accuracy": 0.13681891025641027, "adversarial_classification_accuracy": 0.0, "adversarial_uncertainty_correct": 1.0, "adversarial_uncertainty_incorrect": 1.0, "supervised_acc": 92.73838141025641, "adversarial_filtered_semi_supervised_acc": NaN, "adversarial_unfilted_semi_supervised_acc": 37.52003205128205, "semi_supervised_acc": 99.12152269399706, "timestamp": 1511259875.6572077, "previous_chkpt": "/home/ubuntu/ORIE6741_bayesgan/results/adv_train_only/model_2800"}